ID,post_author,post_date,post_date_gmt,post_content,post_title,post_excerpt,post_status,comment_status,ping_status,post_password,post_name,to_ping,pinged,post_modified,post_modified_gmt,post_content_filtered,post_parent,guid,menu_order,post_type,post_mime_type,comment_count,_wp_page_template,post-option,kode_content,slide_template,_form,_mail,_mail_2,_messages,_additional_settings,_locale,_config_errors,_dp_original,kode_popular_post_views_count,_yoast_wpseo_primary_team_category,_yoast_wpseo_primary_testimonial_category,_thumbnail_id,_yoast_wpseo_title,eg_sources_html5_mp4,eg_sources_html5_ogv,eg_sources_html5_webm,eg_sources_youtube,eg_sources_vimeo,eg_sources_wistia,eg_sources_image,eg_sources_iframe,eg_sources_soundcloud,eg_vimeo_ratio,eg_youtube_ratio,eg_wistia_ratio,eg_html5_ratio,eg_soundcloud_ratio,eg_settings_custom_meta_skin,eg_settings_custom_meta_element,eg_settings_custom_meta_setting,eg_settings_custom_meta_style,eg-pricetable-price,eg-pricetable-line1,eg-pricetable-line2,eg-pricetable-line3,eg-pricetable-line4,eg-pricetable-buy-url,eg-demogrid-link,eg-clients-icon,eg-clients-icon-dark,_yoast_wpseo_content_score,_wp_attachment_metadata,_menu_item_type,_menu_item_menu_item_parent,_menu_item_object_id,_menu_item_object,_menu_item_target,_menu_item_classes,_menu_item_xfn,_menu_item_url,stf_exclude,_wp_attachment_context,_wp_attachment_custom_header_last_used_t,_wp_attachment_is_custom_header,_yoast_wpseo_bctitle,_wp_attachment_backup_sizes,_wpsc_is_donation,_wpsc_price,_wpsc_special_price,_wpsc_sku,_wpsc_stock,_wpsc_product_metadata,_wpsc_currency,_yoast_wpseo_primary_wpsc_product_category,_wpsc_product_gallery,_yoast_wpseo_primary_category,_wp_old_slug,price,days,location,availability,book_text,book_url,_yoast_wpseo_primary_package_category,_sold_individually,_price,_sale_price_dates_to,_sale_price_dates_from,_weight,_length,_width,_height,_sku,_product_attributes,_regular_price,_sale_price,_featured,_purchase_note,_virtual,_downloadable,total_sales,_visibility,_stock_status,_manage_stock,_backorders,_wc_review_count,_yoast_wpseo_primary_product_cat,_product_image_gallery,_product_version,_crosssell_ids,_upsell_ids,_oembed_317fd61591c6b25d2879e926d022175e,_post_restored_from,dopbsp_woocommerce_calendar,dopbsp_woocommerce_language,dopbsp_woocommerce_position,dopbsp_woocommerce_add_to_cart,_yoast_wpseo_meta-robots-noindex,_yoast_wpseo_meta-robots-nofollow,image6,image5,image4,image3,image2,image1,out_price,in_price,select_night,select_ride,select_xata,select_pitnie,select_voodoo_people,order,select_star,_yoast_wpseo_primary_hot_tour_tax,date1,date2,date3,date4,_yoast_wpseo_focuskw_text_input,_yoast_wpseo_focuskw,_yoast_wpseo_linkdex,post_tag,post_category
4400,1,2016-08-04 09:24:07,2016-08-04 06:24:07,"<span lang=""ru-RU"">Отель расположен в красивом болгарском черноморском курорте «Св. Константин и Елена», </span>

<span lang=""ru-RU"">который находится в 6 км севернее от морской столицы Болгарии - г. Варна.</span>

<span lang=""ru-RU"">Отель – в 250 м от красивого пляжа. Уютные самостоятельные комнаты, апартаменты с кухнями. </span>

<span lang=""ru-RU"">Номера оборудованы кондиционерами, есть Wi-Fi , Интернет, TV. На территории – охраняемый</span>

<span lang=""ru-RU"">бесплатный паркинг, детская площадка. В дизайне помещений использованы различные</span>

<span lang=""ru-RU"">интересные интерьерные эффекты, предрасполагающие к полноценному и незабываемому</span>

<span lang=""ru-RU"">отдыху.</span>

<span lang=""ru-RU"">В отеле есть свой ресторан, который предлагает богатое разнообразное болгарских блюд, по </span>

<span lang=""ru-RU"">желанию клиента могут быть приготовлены традиционные блюда кухни других стран.</span>

<span lang=""ru-RU"">Большой открытый бассейн с минеральной водой из источника, расположенного вблизи.</span>

<span lang=""ru-RU"">Также есть обычный бассейн для взрослых с отделением для детей.</span>

<span lang=""ru-RU"">Отель располагает:</span>

<span lang=""ru-RU"">современным мини СПА-центром, состоящим из бани и сауны; бесплатным фитнесом;</span>

<span lang=""ru-RU"">массажным салоном. </span>

<span style=""font-family: Arial, serif;""><span style=""font-size: small;""><b><span style=""color: #000000;"">Описание номеров:</span></b></span></span>
<ul>
	<li><span style=""color: #000000;""><span style=""font-family: Arial, serif;""><span style=""font-size: small;"">Номера просторные и комфортные, стильно и элегантно оформлены.</span></span></span></li>
	<li><span style=""color: #000000;""><span style=""font-family: Arial, serif;""><span style=""font-size: small;"">кондиционер воздуха;</span></span></span></li>
	<li><span style=""color: #000000;""><span style=""font-family: Arial, serif;""><span style=""font-size: small;"">личная ванная комната и туалет;</span></span></span></li>
	<li><span style=""color: #000000;""><span style=""font-family: Arial, serif;""><span style=""font-size: small;"">телефон;</span></span></span></li>
	<li><span style=""color: #000000;""><span style=""font-family: Arial, serif;""><span style=""font-size: small;"">доступ в Интернет;</span></span></span></li>
	<li><span style=""color: #000000;""><span style=""font-family: Arial, serif;""><span style=""font-size: small;"">телевизор;</span></span></span></li>
	<li><span style=""color: #000000;""><span style=""font-family: Arial, serif;""><span style=""font-size: small;"">кухонное оборудование (в апартаментах);</span></span></span></li>
	<li><span style=""color: #000000;""><span style=""font-family: Arial, serif;""><span style=""font-size: small;"">мини-бар.</span></span></span></li>
</ul>",Св. Петр,,private,0,closed,,st_petr,,,2016-10-12 09:30:52,2016-10-12 06:30:52,,0,http://bolgaria-travel.com/?post_type=hot_tour&#038;p=4400,0,hot_tour,,0,,,,,,,,,,,,,612,,,,,,,,,,,,,,0,0,0,0,0,,,,,,,,,,,,,,60,,,,,,,,,,,,,,,,,,,,,,,,,,4400,,,,,,,,,,,,,,,,,,,,,,,,,,,,,,,,,,,,,,,,,,,4406,4405,4404,4403,4402,4401,"Питание
Виза","Проживание в отеле: 7 ночей
Автобус в обе стороны.
Трансфер до отеля
Медицинская страховка
Возможность готовить самостоятельно",7,Автобус,dbl,fb,2,193,Три,,,,,,,,,,
4407,1,2016-08-04 09:29:06,2016-08-04 06:29:06,"<p lang=""ru-RU"" align=""justify""><span style=""font-family: 'Times New Roman', serif;""><span style=""font-size: medium;"">
<span style=""color: #000000;"">Отель расположен в 150 метрах от южного пляжа поселка Равда, в 2 км от курорта Несебр 2.5 км от Солнечного берега и в 25 км от города Бургас. Рядом расположен Аквапарк ""Несебр""</span><span style=""color: #000000;""><span lang=""bg-BG"">.</span></span></span></span></p>
<p lang=""ru-RU"" align=""justify""><span style=""font-size: medium;""><span style=""color: #000000;""><span lang=""bg-BG""><span style=""font-family: 'Times New Roman', serif;"">Характеризуется местность количеством достопримечательностей, сам</span></span><span style=""color: #000000;"">ы</span><span style=""color: #000000;""><span lang=""bg-BG"">й большой курорт Болгарии - Солнечн</span></span><span style=""color: #000000;"">ы</span><span style=""color: #000000;""><span lang=""bg-BG"">й берег, возле него находится город-музей Несебр, под </span></span></span></span><span style=""font-size: medium;""><span style=""color: #000000;""><span style=""color: #000000;"">э</span><span style=""color: #000000;""><span lang=""bg-BG"">гидой ЮНЕСКО, город сорока церквей с уникальной архитектурой и чудотворной икон</span></span><span style=""color: #000000;"">ой.</span></span></span></p>
<p lang=""ru-RU"" align=""justify""><span style=""font-size: medium;""><span style=""color: #000000;""><b><span style=""font-family: 'Times New Roman', serif;"">Услуги:</span></b></span></span></p>

<ul>
	<li>
<p lang=""ru-RU"" align=""justify""><span style=""font-size: medium;""><span style=""color: #000000;""><span lang=""bg-BG""><span style=""font-family: 'Times New Roman', serif;"">Шикарная анимация как для взросл</span></span><span style=""color: #000000;"">ы</span><span style=""color: #000000;""><span lang=""bg-BG"">х/детей</span></span></span></span></p>
</li>
	<li>
<p lang=""ru-RU"" align=""justify""><span style=""font-size: medium;""><span style=""color: #000000;""><span lang=""bg-BG""><span style=""font-family: 'Times New Roman', serif;"">Качественное приготовление ед</span></span><span style=""color: #000000;"">ы</span><span style=""color: #000000;""><span lang=""bg-BG"">.</span></span></span></span></p>
</li>
	<li>
<p lang=""ru-RU"" align=""justify""><span style=""font-size: medium;""><span style=""color: #000000;""><span style=""font-family: 'Times New Roman', serif;"">Интернет</span></span></span></p>
</li>
	<li>
<p lang=""ru-RU"" align=""justify""><span style=""font-size: medium;""><span style=""color: #000000;""><span style=""font-family: 'Times New Roman', serif;"">Ресторан</span></span></span></p>
</li>
	<li>
<p lang=""ru-RU"" align=""justify""><span style=""font-size: medium;""><span style=""color: #000000;""><span style=""font-family: 'Times New Roman', serif;"">Сад</span></span></span></p>
</li>
	<li>
<p lang=""ru-RU"" align=""justify""><span style=""font-size: medium;""><span style=""color: #000000;""><span lang=""bg-BG""><span style=""font-family: 'Times New Roman', serif;"">Бассейн с секцией для детей, большое количество шезлонгов и зонтиков для гостей отеля</span></span></span></span></p>
</li>
	<li>
<p lang=""ru-RU"" align=""justify""><span style=""font-size: medium;""><span style=""color: #000000;""><span lang=""bg-BG""><span style=""font-family: 'Times New Roman', serif;"">Детская площадка, детский клуб</span></span></span></span></p>
</li>
	<li>
<p lang=""ru-RU"" align=""justify""><span style=""font-size: medium;""><span style=""color: #000000;""><span style=""font-family: 'Times New Roman', serif;"">Парковка.</span></span></span></p>
</li>
</ul>
<p lang=""ru-RU"" align=""justify""><span style=""font-size: medium;""><span style=""color: #000000;""><span style=""font-family: 'Times New Roman', serif;"">Описание номеров:</span></span></span></p>

<ul>
	<li>
<p lang=""ru-RU"" align=""justify""><span style=""font-size: medium;""><span style=""color: #000000;""><span style=""font-family: 'Times New Roman', serif;"">Кондиционер</span></span></span></p>
</li>
	<li>
<p lang=""ru-RU"" align=""justify""><span style=""font-size: medium;""><span style=""color: #000000;""><span style=""font-family: 'Times New Roman', serif;"">Кабельное телевидение</span></span></span></p>
</li>
	<li>
<p lang=""ru-RU"" align=""justify""><span style=""font-size: medium;""><span style=""color: #000000;""><span style=""font-family: 'Times New Roman', serif;"">Мини-бар</span></span></span></p>
</li>
	<li>
<p lang=""ru-RU"" align=""justify""><span style=""font-size: medium;""><span style=""color: #000000;""><span style=""font-family: 'Times New Roman', serif;"">Отдельная ванная комната с душевой кабиной</span></span></span></p>
</li>
	<li>
<p lang=""ru-RU"" align=""justify""><span style=""font-size: medium;""><span style=""color: #000000;""><span style=""font-family: 'Times New Roman', serif;"">Терраса</span></span></span></p>
</li>
</ul>",Кристалл,,private,0,closed,,kristall,,,2016-10-12 09:30:47,2016-10-12 06:30:47,,0,http://bolgaria-travel.com/?post_type=hot_tour&#038;p=4407,0,hot_tour,,0,,,,,,,,,,,,,788,,,,,,,,,,,,,,0,0,0,0,0,,,,,,,,,,,,,,60,,,,,,,,,,,,,,,,,,,,,,,,,,,,,,,,,,,,,,,,,,,,,,,,,,,,,,,,,,,,,,,,,,,,,4413,4412,4411,4410,4409,4408,Виза,"Проживание в отеле: 7 ночей
Завтраки
Автобус в обе стороны.
Трансфер до отеля
Медицинская страховка",7,Автобус,dbl,bb,2,132,Две,,,,,,,,,,
4414,1,2016-08-04 09:36:26,2016-08-04 06:36:26,"<p lang=""bg-BG""><span style=""font-size: medium;""><span style=""color: #000000;""><span style=""font-size: large;""><span style=""font-family: 'Times New Roman', serif;"">Маршрут: Киев-Варна-Киев.</span></span></span></span></p>
<p lang=""bg-BG""><span style=""font-size: medium;""><span style=""color: #000000;""><span style=""font-size: large;""><span style=""font-family: 'Times New Roman', serif;"">Дата:</span></span><span style=""color: #000000;""><span style=""font-size: large;""> </span></span><span style=""color: #8b0000;""><span style=""font-size: large;""><b>17.09.-25.09.2016</b></span></span></span></span><span style=""font-size: medium;""><span style=""color: #000000;""><span style=""color: #fefdfd;""><span style=""font-size: large;""> </span></span></span></span></p>
<p lang=""bg-BG""><span style=""font-size: medium;""><span style=""color: #8b0000;""><span style=""font-size: large;""><b><span style=""font-family: 'Times New Roman', serif;"">1 день</span></b></span><span style=""color: #000000;""><span style=""font-size: large;"">: 1054 км (время в пути около 18 часов)</span></span></span></span></p>

<h2 class=""western"" lang=""bg-BG""><span style=""font-size: large;""><span style=""color: #000000;"">Отъезд из Киева</span></span><span style=""font-size: large;""><span style=""color: #000000;""> </span></span><span style=""font-size: large;""><span style=""color: #8b0000;"">17 сентября </span></span><span style=""font-size: large;""><span style=""color: #000000;"">2016 г.  в 7:00 часов.</span></span></h2>
<h2 class=""western"" lang=""bg-BG""><span style=""color: #e3b985;""> </span></h2>
<h2 class=""western"" lang=""bg-BG""><span style=""font-size: large;""><span style=""color: #8b0000;"">2 день: 18 сентября</span></span></h2>
<p lang=""bg-BG""><span style=""font-size: medium;""><span style=""color: #000000;""><span style=""font-size: large;""><span style=""font-family: 'Times New Roman', serif;"">Прибытие в Варну.</span></span></span></span></p>
<p lang=""bg-BG""><span style=""font-size: medium;""><span style=""color: #000000;""><span style=""font-size: large;""><span style=""font-family: 'Times New Roman', serif;"">Размещение в </span></span><span style=""color: #000000;""><span style=""font-size: large;""><span lang=""ru-RU"">э</span></span></span><span style=""color: #000000;""><span style=""font-size: large;"">тно-комплексе “Иванчов Хан”.(15 км от Варны)</span></span></span></span></p>
<p lang=""bg-BG""><span style=""font-size: medium;""><span style=""color: #000000;""><span style=""font-size: large;""><span style=""font-family: 'Times New Roman', serif;"">Отдых.</span></span></span></span></p>
<img alt="""" />

<span style=""font-family: 'Times New Roman', serif;""><span style=""font-size: large;""><span lang=""bg-BG"">К услугам гостей бассейн с джакузи с минеральной водой.</span></span></span>
<h2 class=""western"" lang=""bg-BG""><span style=""font-size: large;""><span style=""color: #8b0000;"">3 день: 19 сентября </span></span></h2>
<ul>
	<li>
<h2 class=""western"" lang=""bg-BG""><span style=""font-size: large;""><span style=""color: #8b0000;"">8:00 </span></span><span style=""font-size: large;""><span style=""color: #000000;"">завтрак</span></span></h2>
</li>
	<li><span style=""font-family: 'Times New Roman', serif;""><span style=""font-size: large;""><span lang=""bg-BG""><b><span style=""color: #8b0000;"">8</span></b></span></span></span><span style=""font-family: 'Times New Roman', serif;""><span style=""font-size: large;""><b><span style=""color: #8b0000;"">:30 </span></b></span></span><b> </b><span style=""font-family: 'Times New Roman', serif;""><span style=""font-size: large;""><span lang=""bg-BG"">знакомство</span></span></span> <span style=""font-family: 'Times New Roman', serif;""><span style=""font-size: large;""><span lang=""bg-BG"">с</span></span></span><span style=""font-family: 'Times New Roman', serif;""><span style=""font-size: large;""> бальнеологическом центр</span></span><span style=""font-family: 'Times New Roman', serif;""><span style=""font-size: large;""><span lang=""bg-BG"">ом</span></span></span><span style=""font-family: 'Times New Roman', serif;""><span style=""font-size: large;""> ""Гранд Отель Варна"", </span></span><span style=""font-family: 'Times New Roman', serif;""><span style=""font-size: large;""><span lang=""bg-BG"">где </span></span></span><span style=""font-family: 'Times New Roman', serif;""><span style=""font-size: large;"">предлагают большой выбор лечебных программ  - грязелечение, программы похудения, антистрессовые программы, фитнес- и фитолечение, лечение пчелиными продуктами. </span></span></li>
</ul>
<span style=""font-family: 'Times New Roman', serif;""><span style=""font-size: large;""><span lang=""bg-BG"">Посещение </span></span></span><span style=""font-family: 'Times New Roman', serif;""><span style=""font-size: large;"">бальнеологического центр</span></span><span style=""font-family: 'Times New Roman', serif;""><span style=""font-size: large;""><span lang=""bg-BG"">а</span></span></span><span style=""font-family: 'Times New Roman', serif;""><span style=""font-size: large;""> „Медика"" в отеле Добруджа, в центре курорта Албена. Центр предлагает туристам профилактику заболеваний, общее оздоровление, восстановление функционального состояния организма и специальные медицинские программы.</span></span>

<span style=""font-family: 'Times New Roman', serif;""><span style=""font-size: large;""><span lang=""bg-BG"">Посещение бальнеоцентра при госинице „Амбассадор“,Золот</span></span></span><span style=""font-family: 'Times New Roman', serif;""><span style=""font-size: large;"">ы</span></span><span style=""font-family: 'Times New Roman', serif;""><span style=""font-size: large;""><span lang=""en-US"">e</span></span></span> <span style=""font-family: 'Times New Roman', serif;""><span style=""font-size: large;""><span lang=""bg-BG"">Пески, где лечат:</span></span></span>

<span style=""font-family: 'Times New Roman', serif;""><span style=""font-size: large;""><span lang=""bg-BG"">1. Заболевания периферической нервной системы - радикулит, плексит</span></span></span><span style=""font-family: 'Times New Roman', serif;""><span style=""font-size: large;"">ы</span></span><span style=""font-family: 'Times New Roman', serif;""><span style=""font-size: large;""><span lang=""bg-BG"">, невриты, невралгии.</span></span></span>

<span style=""font-family: 'Times New Roman', serif;""><span style=""font-size: large;""><span lang=""bg-BG"">2. Функциональные расстройства центральной нервной системы - стресс, неврозы, мигрень и тому подобное.</span></span></span>

<span style=""font-family: 'Times New Roman', serif;""><span style=""font-size: large;""><span lang=""bg-BG"">3. Заболевания сердечно-сосудистой системы в младенчестве и компенсированного состояние - гипертония, атеросклероз.</span></span></span>

<span style=""font-family: 'Times New Roman', serif;""><span style=""font-size: large;""><span lang=""bg-BG"">4. Хронические неспецифические заболевания органов дыхания - хронический бронхит, хроническая пневмония, бронхиальная астма.</span></span></span>
<ul>
	<li><span style=""color: #c00000;""><span style=""font-family: 'Times New Roman', serif;""><span style=""font-size: large;""><span lang=""bg-BG""><b>13:00 </b></span></span></span></span><span style=""font-family: 'Times New Roman', serif;""><span style=""font-size: large;"">Обзорная экскурсия по Варне с посещением </span></span><span style=""font-family: 'Times New Roman', serif;""><span style=""font-size: large;"">кафедрального собора „Св. Успение Богородично“ - второй по величине собор в Болгарии после „Св. Александр Невски“ в Софии; „Спортивный зал“, памятник Болгаро-Советской Дружбы, памятник „Пантеона“.</span></span></li>
</ul>
<span style=""font-family: 'Times New Roman', serif;""><span style=""font-size: large;"">Дегустация болгарских вин.</span></span>

&nbsp;
<ul>
	<li><span style=""color: #c00000;""><span style=""font-family: 'Times New Roman', serif;""><span style=""font-size: large;""><b>14:30</b></span></span></span><b> </b><span style=""font-family: 'Times New Roman', serif;""><span style=""font-size: large;"">Обед </span></span><span style=""font-family: 'Times New Roman', serif;""><span style=""font-size: large;""><span lang=""bg-BG"">(дополнительно оплачивается)</span></span></span></li>
	<li><span style=""color: #c00000;""><span style=""font-family: 'Times New Roman', serif;""><span style=""font-size: large;""><span lang=""bg-BG""><b>15</b></span></span></span></span><span style=""color: #c00000;""><span style=""font-family: 'Times New Roman', serif;""><span style=""font-size: large;""><b>:30</b></span></span></span> <span style=""font-family: 'Times New Roman', serif;""><span style=""font-size: large;"">Свободное время для прогулки по набережной города – красивое сочетание между зеленым приморским парком и пешеходной аллеей возле моря. </span></span></li>
</ul>
<span style=""font-family: 'Times New Roman', serif;""><span style=""font-size: large;"">Шоппинг</span></span> <span style=""font-family: 'Times New Roman', serif;""><span style=""font-size: large;"">в</span></span><span style=""font-family: 'Times New Roman', serif;""><span style=""font-size: large;""><span lang=""en-US""> Grand MALL Varna.</span></span></span>
<ul>
	<li><span style=""color: #c00000;""><span style=""font-family: 'Times New Roman', serif;""><span style=""font-size: large;""><span lang=""bg-BG""><b>17:30</b></span></span></span></span> <span style=""font-family: 'Times New Roman', serif;""><span style=""font-size: large;""><span lang=""bg-BG"">Отъезд в Равду.</span></span></span></li>
</ul>
<span style=""font-family: 'Times New Roman', serif;""><span style=""font-size: large;""><span lang=""bg-BG"">Размещение в гостинице «Кристалл».</span></span></span>

<span style=""font-family: 'Times New Roman', serif;""><span style=""font-size: large;""><span lang=""bg-BG"">Семейный домашний отель с европейским уровнем обслуживания.</span></span></span>

<span style=""font-family: 'Times New Roman', serif;""><span style=""font-size: large;""><span lang=""bg-BG"">Расположен в 150м от моря южного пляжа поселка Равда, в 2 км от курорта Несебр, в 2,5 км от Солнечного берега.</span></span></span>

<span style=""font-family: 'Times New Roman', serif;""><span style=""font-size: large;""><span lang=""bg-BG"">Гости отеля могут в</span></span></span><span style=""font-family: 'Times New Roman', serif;""><span style=""font-size: large;"">ы</span></span><span style=""font-family: 'Times New Roman', serif;""><span style=""font-size: large;""><span lang=""bg-BG"">брать между внутренним и летним окр</span></span></span><span style=""font-family: 'Times New Roman', serif;""><span style=""font-size: large;"">ы</span></span><span style=""font-family: 'Times New Roman', serif;""><span style=""font-size: large;""><span lang=""bg-BG"">т</span></span></span><span style=""font-family: 'Times New Roman', serif;""><span style=""font-size: large;"">ы</span></span><span style=""font-family: 'Times New Roman', serif;""><span style=""font-size: large;""><span lang=""bg-BG"">м рестораном. Питание разнообразное , только из натуральн</span></span></span><span style=""font-family: 'Times New Roman', serif;""><span style=""font-size: large;"">ы</span></span><span style=""font-family: 'Times New Roman', serif;""><span style=""font-size: large;""><span lang=""bg-BG"">х продуктов местного происхождения, приготовленн</span></span></span><span style=""font-family: 'Times New Roman', serif;""><span style=""font-size: large;"">о с любовью.</span></span>

<span style=""font-family: 'Times New Roman', serif;""><span style=""font-size: large;""><span lang=""bg-BG"">Во внутреннем дворе - бассейн с детской секцией, летний душ, детская площадка с горкой и батутом, песочницей и качелями. Для детей есть игровая комната с настольн</span></span></span><span style=""font-family: 'Times New Roman', serif;""><span style=""font-size: large;"">ы</span></span><span style=""font-family: 'Times New Roman', serif;""><span style=""font-size: large;""><span lang=""bg-BG"">ми играми для разной возрастной категории. Шикарная анимация на протяжении всего дня: утренняя гимнастика, игр</span></span></span><span style=""font-family: 'Times New Roman', serif;""><span style=""font-size: large;"">ы</span></span><span style=""font-family: 'Times New Roman', serif;""><span style=""font-size: large;""><span lang=""bg-BG""> в бассейне, соревнования, ролев</span></span></span><span style=""font-family: 'Times New Roman', serif;""><span style=""font-size: large;"">ы</span></span><span style=""font-family: 'Times New Roman', serif;""><span style=""font-size: large;""><span lang=""bg-BG"">е игр</span></span></span><span style=""font-family: 'Times New Roman', serif;""><span style=""font-size: large;"">ы</span></span><span style=""font-family: 'Times New Roman', serif;""><span style=""font-size: large;""><span lang=""bg-BG"">, развивающие, интеллектуальн</span></span></span><span style=""font-family: 'Times New Roman', serif;""><span style=""font-size: large;"">ы</span></span><span style=""font-family: 'Times New Roman', serif;""><span style=""font-size: large;""><span lang=""bg-BG"">е, познавательн</span></span></span><span style=""font-family: 'Times New Roman', serif;""><span style=""font-size: large;"">ы</span></span><span style=""font-family: 'Times New Roman', serif;""><span style=""font-size: large;""><span lang=""bg-BG"">е. Кажд</span></span></span><span style=""font-family: 'Times New Roman', serif;""><span style=""font-size: large;"">ы</span></span><span style=""font-family: 'Times New Roman', serif;""><span style=""font-size: large;""><span lang=""bg-BG"">й вечер проводится вечерняя программа.</span></span></span>

<span style=""font-family: 'Times New Roman', serif;""><span style=""font-size: large;""><span lang=""bg-BG"">Для любителей спорта есть небольшой фитнес зал и настольн</span></span></span><span style=""font-family: 'Times New Roman', serif;""><span style=""font-size: large;"">ы</span></span><span style=""font-family: 'Times New Roman', serif;""><span style=""font-size: large;""><span lang=""bg-BG"">й тенис.</span></span></span>

<span style=""font-family: 'Times New Roman', serif;""><span style=""font-size: large;""><span lang=""bg-BG"">В каждой комнате – кондиционер, телевизор, Интернет, мини-бар, туалет с душ-кабиной, балкон. </span></span></span>
<ul>
	<li><span style=""color: #c00000;""><span style=""font-family: 'Times New Roman', serif;""><span style=""font-size: large;""><span lang=""bg-BG""><b>19:30</b></span></span></span></span> <span style=""font-family: 'Times New Roman', serif;""><span style=""font-size: large;""><span lang=""bg-BG"">Ужин.</span></span></span></li>
</ul>
<h2 class=""western"" lang=""bg-BG""><span style=""font-size: large;""><span style=""color: #8b0000;"">4 день: 20 сентября </span></span></h2>
<h2 class=""western"" lang=""bg-BG""><span style=""font-size: large;""><span style=""color: #8b0000;"">8:00 </span></span><span style=""font-size: large;"">завтрак</span></h2>
<h2 class=""western"" lang=""bg-BG""><span style=""font-size: large;"">Свободн</span><span style=""font-size: large;""><span lang=""ru-RU"">ы</span></span><span style=""font-size: large;"">й </span><span style=""font-size: large;""><span lang=""ru-RU"">ден</span></span><span style=""font-size: large;"">ь для знакомство с местностью, купания в бассейне, водн</span><span style=""font-size: large;""><span lang=""ru-RU"">ых </span></span><span style=""font-size: large;"">морских процедур.</span></h2>
<p lang=""bg-BG"" align=""justify""><span style=""font-size: medium;""><span style=""color: #000000;""><span style=""font-size: large;""><span style=""font-family: 'Times New Roman', serif;"">Рядом много достопримечательностей, самый большой курорт Болгарии</span></span> <span style=""color: #000000;""><span style=""font-size: large;"">–</span></span> <span style=""color: #000000;""><span style=""font-size: large;"">Солнечный берег,возле него находится город-музей Несебр, под </span></span></span></span><span style=""font-size: medium;""><span style=""color: #000000;""><span style=""color: #000000;""><span style=""font-size: large;"">э</span></span><span style=""color: #000000;""><span style=""font-size: large;"">гидой ЮНЕСКО, город сорока церквей, уникальной архитектурой и чудотворной иконой.</span></span></span></span></p>
<p lang=""bg-BG"" align=""justify""><span style=""font-size: medium;""><span style=""color: #000000;""><span style=""font-size: large;""><span style=""font-family: 'Times New Roman', serif;"">Можно посмотреть замок в селе Ровадиново или сходить в Аквапарк.</span></span></span></span></p>

<h2 class=""western"" lang=""bg-BG""><span style=""font-size: large;"">Обед не воходит в стоимость.</span></h2>
<h2 class=""western"" lang=""bg-BG""><span style=""font-size: large;""><span style=""color: #8b0000;"">18:30 </span></span><span style=""font-size: large;"">ужин</span></h2>
<h2 class=""western"" lang=""bg-BG""><span style=""font-size: large;""><span style=""color: #8b0000;"">5 день: 21 сентября </span></span></h2>
<h2 class=""western"" lang=""bg-BG""><span style=""font-size: large;""><span style=""color: #8b0000;"">8:00 </span></span><span style=""font-size: large;"">завтрак</span></h2>
<span style=""font-family: 'Times New Roman', serif;""><span style=""font-size: large;""><b><span style=""color: #8b0000;"">9:00</span></b></span></span> <span style=""font-family: 'Times New Roman', serif;""><span style=""font-size: large;""><span lang=""bg-BG"">Отъезд в </span></span></span><span style=""font-family: 'Times New Roman', serif;""><span style=""font-size: large;"">самый известный грязевой курорт Болгарии - город-курорт Поморие. В городе несколько крупных грязелечебниц, работающих круглый год и использующих для лечения минеральные грязи Поморийского озера с их тысячелетней выдержкой. Грязи обладают уникальными свойствами благодаря водорослям зеленика, в минеральный состав озера входит почти вся таблица Менделеева, биологически активные вещества, 16 видов растительных противовоспалительных составляющих. Грязи эффективно уменьшают болевые ощущения, подавляют воспаление, активизируют метаболические процессы в организме. Положительная динамика в состоянии пациентов обычно наблюдается уже после 6-7 процедуры, врачи-специалисты поморийских санаториев рекомендуют на курс лечения прием до 10-14 грязевых процедур. </span></span>

<span style=""font-family: 'Times New Roman', serif;""><span style=""font-size: large;"">Специализация поморийских санаториев:</span></span>

<span style=""font-family: 'Times New Roman', serif;""><span style=""font-size: large;"">заболевания опорно-двигательного аппарата: последствия травм, переломов,</span></span> <span style=""font-family: 'Times New Roman', serif;""><span style=""font-size: large;""> состояния после перенесенных операций на костях, воспалительные и дегенеративные болезни костей, мышц, суставов, связок и сухожилий;</span></span>

<span style=""font-family: 'Times New Roman', serif;""><span style=""font-size: large;"">заболевания периферической и центральной нервной системы (радикулиты, невриты и невралгии), болезни позвоночника и спинного мозга - остеохондроз, болезнь Бехтерева, церебральный паралич;</span></span>

<span style=""font-family: 'Times New Roman', serif;""><span style=""font-size: large;"">хронические простудные заболевания, хронические бронхиты, тонзиллиты, риниты, гаймориты, отиты, состояния после перенесенной пневмонии;</span></span>

<span style=""font-family: 'Times New Roman', serif;""><span style=""font-size: large;"">хронические заболевания кожи - псориаз, экзема, дерматит, нейродермит;</span></span>

<span style=""font-family: 'Times New Roman', serif;""><span style=""font-size: large;"">болезни полости рта - стоматит;</span></span>

<span style=""font-family: 'Times New Roman', serif;""><span style=""font-size: large;"">хронические заболевания женских и мужских половых органов, хронический простатит, мужское и женское бесплодие;</span></span>

<span style=""font-family: 'Times New Roman', serif;""><span style=""font-size: large;"">заболевания сосудов.</span></span>

<span style=""font-family: 'Times New Roman', serif;""><span style=""font-size: large;"">Лечение прогретыми грязями дает очень большую нагрузку на организм, не все ее легко переносят. При чересчур интенсивном воздействии грязей на организм, в пожилом возрасте, а также при ряде заболеваний сердца (гипертоническая болезнь, ИБС) предпочтительно назначение более легких процедур - локальные грязевые или щелоковые (луга, рапа) аппликации, которые также очень эффективно уменьшают симптомы перечисленных заболеваний.</span></span>

<span style=""font-family: 'Times New Roman', serif;""><span style=""font-size: large;""><span lang=""bg-BG"">Посещение </span></span></span><span style=""font-family: 'Times New Roman', serif;""><span style=""font-size: large;"">здравниц </span></span>

<a href=""http://astrela.com/russian/accommodation_in_bulgaria/pomorie_grandhotel_bulgaria/""><span style=""color: #0000ff;""><span style=""font-family: 'Times New Roman', serif;""><span style=""font-size: large;""><u>""Грандотель Поморие"", 5*</u></span></span></span></a><span style=""font-family: 'Times New Roman', serif;""><span style=""font-size: large;"">, </span></span>

<a href=""http://astrela.com/russian/accommodation_in_bulgaria/st_george_spahotel_mud/""><span style=""color: #0000ff;""><span style=""font-family: 'Times New Roman', serif;""><span style=""font-size: large;""><u>""Свети Георги"" / ""Saint George"", 4*</u></span></span></span></a><span style=""font-family: 'Times New Roman', serif;""><span style=""font-size: large;"">  </span></span>

<a href=""http://astrela.com/russian/accommodation_in_bulgaria/pomorie_interhotel_sanatorium/""><span style=""color: #0000ff;""><span style=""font-family: 'Times New Roman', serif;""><span style=""font-size: large;""><u>Интеротель Поморие"", 3*</u></span></span></span></a><span style=""font-family: 'Times New Roman', serif;""><span style=""font-size: large;""> </span></span><span style=""font-family: 'Times New Roman', serif;""><span style=""font-size: large;""><span lang=""bg-BG"">-</span></span></span><span style=""font-family: 'Times New Roman', serif;""><span style=""font-size: large;""> бальнеологический санатори</span></span><span style=""font-family: 'Times New Roman', serif;""><span style=""font-size: large;""><span lang=""bg-BG"">й.</span></span></span>

<span style=""font-family: 'Times New Roman', serif;""><span style=""font-size: large;""><span lang=""bg-BG"">Обед не входит в стоимость.</span></span></span>

<span style=""color: #c00000;""><span style=""font-family: 'Times New Roman', serif;""><span style=""font-size: large;""><span lang=""bg-BG""><b>16:00</b></span></span></span></span> <span style=""font-family: 'Times New Roman', serif;""><span style=""font-size: large;""><span lang=""bg-BG"">Посещение музея соли</span></span></span>

<span style=""color: #c00000;""><span style=""font-family: 'Times New Roman', serif;""><span style=""font-size: large;""><span lang=""bg-BG""><b>18:30</b></span></span></span></span> <span style=""font-family: 'Times New Roman', serif;""><span style=""font-size: large;""><span lang=""bg-BG"">Ужин в отеле</span></span></span>
<h2 class=""western"" lang=""bg-BG""><span style=""font-size: large;""><span style=""color: #8b0000;"">6 день: 22 сентября </span></span></h2>
<h2 class=""western"" lang=""bg-BG""><span style=""font-size: large;""><span style=""color: #8b0000;"">7:30 </span></span><span style=""font-size: large;"">завтрак</span></h2>
<h2 class=""western"" lang=""bg-BG""><span style=""font-size: large;""><span style=""color: #8b0000;"">8:00 </span></span><span style=""font-size: large;"">Отъезд в Велинград</span></h2>
<h2 class=""western"" lang=""bg-BG""><span style=""font-size: large;""><span style=""color: #8b0000;"">13:00 </span></span><span style=""font-size: large;"">Обед в городе Пловдив (не входит в стоимость)</span></h2>
<h2 class=""western"" lang=""bg-BG""><span style=""font-size: large;""><span lang=""ru-RU"">Экс</span></span><span style=""font-size: large;"">курсия по старинному городу Пловдив.</span></h2>
<h2 class=""western"" lang=""bg-BG""><span style=""font-size: large;"">Приб</span><span style=""font-size: large;""><span lang=""ru-RU"">ытие в Велинград .</span></span></h2>
<h2 class=""western"" lang=""bg-BG""><span style=""font-size: large;""><span lang=""ru-RU"">Разме</span></span><span style=""font-size: large;"">щение в гостинице с минеральн</span><span style=""font-size: large;""><span lang=""ru-RU"">ым </span></span><span style=""font-size: large;"">бассейном.</span></h2>
<span style=""font-family: 'Times New Roman', serif;""><span style=""font-size: large;"">Велинград – это чистейший горный воздух, различные минеральные воды, атмосфера курорта Велинград всячески этому способствуют. Здесь подвергаются лечению различные заболевания органов дыхания, опорно-двигательного аппарата, лечение суставов, центральной и периферийной нервной системы, сердечно-сосудистой системы, гинекологические заболевания и различные расстройства желудочно-кишечного тракта. Особое внимание женщин хочется обратить на то, что минеральная вода оказывает очень полезный косметический эффект для кожи и благотворно влияет на нормализацию кровяного давления.</span></span>

<span style=""font-family: 'Times New Roman', serif;""><span style=""font-size: large;"">Также следует отметить группы заболеваний и медицинские показания для лечения минеральной водой курорта Велинград:</span></span>

• <span style=""font-family: 'Times New Roman', serif;""><span style=""font-size: large;""><b>Заболевания органов дыхания</b></span></span><span style=""font-family: 'Times New Roman', serif;""><span style=""font-size: large;""> (например, аллергические реакции различных происхождений, воспаления верхних дыхательных путей, воспаления легких).</span></span>

• <span style=""font-family: 'Times New Roman', serif;""><span style=""font-size: large;""><b>Сердечно-сосудистые заболевания</b></span></span><span style=""font-family: 'Times New Roman', serif;""><span style=""font-size: large;""> (такие как ишемическая болезнь сердца, гипертоническая болезнь, состояние по прошествии трех месяцев после перенесенного инфаркта, миокардиосклероз).</span></span>

• <span style=""font-family: 'Times New Roman', serif;""><span style=""font-size: large;""><b>Заболевания желудочно-кишечного тракта </b></span></span><span style=""font-family: 'Times New Roman', serif;""><span style=""font-size: large;"">(например, гастриты, гастродеудениты, холецистит, колиты, язвенные болезни желудка и двенадцатиперстной кишки).</span></span>

• <span style=""font-family: 'Times New Roman', serif;""><span style=""font-size: large;""><b>Заболевания центральной и периферийной нервной системы </b></span></span><span style=""font-family: 'Times New Roman', serif;""><span style=""font-size: large;"">(лечение после спинно-мозговых травм, черепно-мозговых травм, радикулитов, мононевритов и полиневритов, дисковой болезни, а также лечение различных функциональных заболеваний).</span></span>

• <span style=""font-family: 'Times New Roman', serif;""><span style=""font-size: large;""><b>Заболевания опорно-двигательного аппарата и суставов </b></span></span><span style=""font-family: 'Times New Roman', serif;""><span style=""font-size: large;"">(артрозы, ревматоидный артрит, анкилозирующий спондилатрит – болезнь Бехтерева, возрастной остеопороз, а также состояния после травм, осложнений после травм, после ортопедических оперативных вмешательств).</span></span>

• <span style=""font-family: 'Times New Roman', serif;""><span style=""font-size: large;""><b>Гинекологические заболевания </b></span></span><span style=""font-family: 'Times New Roman', serif;""><span style=""font-size: large;"">(такие как гипоглазии, бесплодие, олиго- и дисменорея, гипоовариальный синдром и др.).</span></span>

<span style=""font-family: 'Times New Roman', serif;""><span style=""font-size: large;"">В 2005 году курорту Велинград Болгарской ассоциацией гостиничного и ресторанного дела был присвоен титул «СПА столица Болгарии», а уже в 2008 году на Конференции IHRA(International Hotel and Restaurant Association) в Монтерее курорту было присвоено звание «Балканская СПА столица». </span></span>

<span style=""font-family: 'Times New Roman', serif;""><span style=""font-size: large;"">На водах источников действуют 6 бальнеолечебниц: Вельова баня, которая была построена еще в 1640 году, Женска баня, Радонова баня, Кремьчна баня, Сярна баня – сероводородная и грязевая баня Кална. Для вас здесь подберут индивидуальное лечение, основанное на ваших заболеваниях, поскольку каждая из бань обладает особым составом воды. Также вы можете насладиться купанием в бассейнах, которые построены при каждом источнике. После лечения в Велинграде отдыхающие чувствуют себя намного лучше и стремятся приехать на курорт снова и снова.</span></span>

<span style=""font-family: 'Times New Roman', serif;""><span style=""font-size: large;"">На территории курорта располагается около сорока пансионатов и санаториев, более 25 гостиниц, а также различные СПА-клубы и апарт-отели. Здесь находятся национальный реабилитационный центр и множество частных клиник.</span></span>

<span style=""font-family: 'Times New Roman', serif;""><span style=""font-size: large;""><span lang=""bg-BG"">Посещение бальнеоцентров:</span></span></span>
<ul>
	<li><a href=""http://www.royalmedgroup.com/hotels/sveti_spas/""><span style=""font-family: 'Times New Roman', serif;""><span style=""font-size: large;"">Бальнеологический комплекс отель «Свети Спас» 5* ( Святой Спас)</span></span></a></li>
	<li><a href=""http://www.royalmedgroup.com/hotels/spa_club_bor/""><span style=""font-family: 'Times New Roman', serif;""><span style=""font-size: large;"">Отель «Спа Клуб Бор» 4*</span></span></a></li>
	<li><a href=""http://www.royalmedgroup.com/hotels/grand_hotel_velingrad/""><span style=""color: #00000a;""><span style=""font-family: 'Times New Roman', serif;""><span style=""font-size: large;"">Отель ""Grand Hotel Velingrad"" 3*( Гранд отель Велинград 3*)</span></span></span></a><span style=""font-family: 'Times New Roman', serif;""><span style=""font-size: large;""> </span></span><span style=""font-family: 'Times New Roman', serif;""><span style=""font-size: large;"">   </span></span><span style=""font-family: 'Times New Roman', serif;""><span style=""font-size: large;""> </span></span></li>
	<li><a href=""http://www.royalmedgroup.com/hotels/hotel_dvoretsa/""><span style=""color: #00000a;""><span style=""font-family: 'Times New Roman', serif;""><span style=""font-size: large;""><span lang=""en-US"">Spa hotel ""Dvoretsa"" 5* (SPA </span></span></span></span><span style=""color: #00000a;""><span style=""font-family: 'Times New Roman', serif;""><span style=""font-size: large;"">отель</span></span></span><span style=""color: #00000a;""><span style=""font-family: 'Times New Roman', serif;""><span style=""font-size: large;""><span lang=""en-US""> “</span></span></span></span><span style=""color: #00000a;""><span style=""font-family: 'Times New Roman', serif;""><span style=""font-size: large;"">Дворец</span></span></span><span style=""color: #00000a;""><span style=""font-family: 'Times New Roman', serif;""><span style=""font-size: large;""><span lang=""en-US"">"" 5*)</span></span></span></span></a><span style=""font-family: 'Times New Roman', serif;""><span style=""font-size: large;""><span lang=""en-US""> </span></span></span><span style=""font-family: 'Times New Roman', serif;""><span style=""font-size: large;""><span lang=""en-US"">    </span></span></span><span style=""font-family: 'Times New Roman', serif;""><span style=""font-size: large;""><span lang=""en-US""> </span></span></span></li>
	<li><a href=""http://www.royalmedgroup.com/hotels/aqvatonik/""><span style=""color: #00000a;""><span style=""font-family: 'Times New Roman', serif;""><span style=""font-size: large;"">Бальнеокомплекс ""Акватоник"" 5*</span></span></span></a><span style=""font-family: 'Times New Roman', serif;""><span style=""font-size: large;"">*</span></span></li>
</ul>
<h2 class=""western"" lang=""bg-BG""><span style=""font-size: large;""><span style=""color: #8b0000;"">7 день: 23 сентября </span></span></h2>
<ul>
	<li>
<h2 class=""western"" lang=""bg-BG""><span style=""font-size: large;""><span style=""color: #8b0000;"">7:30 </span></span><span style=""font-size: large;"">завтрак</span></h2>
</li>
	<li>
<h2 class=""western"" lang=""bg-BG""><span style=""font-size: large;""><span style=""color: #8b0000;"">8:00 </span></span><span style=""font-size: large;"">Отъезд в Хисаря, Павел Баня</span></h2>
</li>
</ul>
<span style=""font-family: 'Times New Roman', serif;""><span style=""font-size: large;"">На территории Хисар — 22 минеральных источника. Их температура от 37 до 52˚ C. По своим физико-химическим качествам воды - прозрачные, бесцветные, с приятным вкусом и без запаха. Воды — слабоминерализованы (200-270 мг./л. — содержание солей), с магматичным и инфильтрационным происхождением, связанным с образованием горных массивов, гидрокарбонатно-натриевые, сульфатные, богатые метасилициевой кислотой, фтором, радоном (10-165 Ем), рН — 7,6-9,02. Содержат более 20 видов микроэлементов. Дебит — 4000 л/сек. </span></span>

<span style=""font-family: 'Times New Roman', serif;""><span style=""font-size: large;"">
Показания для лечения:
• заболевания мочевыделительной системы: камни в почках, хронические воспалительные заболевания почек и мочевого пузыря, воспаление мочевых путей, хронический простатит;
• заболевания желудочно-кишечного тракта: язва желудка и двенадцатиперстной кишки, хронический гастрит, хронический стоматит, хронический фарингит, нарушение процесса пищеварения и отсутствие аппетита, хронический колит, запоры, функциональные желудочно-кишечные неврозы;
• заболевания печени и желчного пузыря, хронические гепатиты, камни в желчном пузыре, хроническое воспаление желчного пузыря, функциональные расстройства желчевыделения, хронический панкреатит, состояние после перенесенного инфекциозного гепатита и постоперационное состояние после удаления желчного </span></span>

<span style=""font-family: 'Times New Roman', serif;""><span style=""font-size: large;"">пузыря;</span></span> <span style=""font-family: 'Times New Roman', serif;""><span style=""font-size: large;"">
• заболевания, связанные с обменом веществ: диабет, подагра, ожирение;
• гинекологические заболевания: бесплодие воспалительного происхождения у женщин, хронические воспалительные процессы у женщин, смущения в менструальном цикле;
• заболевания опорно-двигательного аппарата: ревматоидный артрит, артрозы, болезни мускулов и сухожилий, болезнь Бехтерева, посттравматические состояния;
• неврологические заболевания: вегетативные дистонии, невриты, радикулоневриты, плекситы, полинеориты, полирадикулоневриты;
• заболевания дыхательной системы: заболевания верхних дыхательных путей — хронические синузиты, фарингиты, трахеиты, хронические бронхиты;
• заболевания сосудов: профессиональные артериопатии, болезнь Бюргера, болезнь Рейно, заболевания венозной системы — расширение вен и хронические флебиты (спустя 3 месяца после острой стадии);
• кожные заболевания: кожные аллергии, псориазис, экземы.</span></span>

<span style=""font-family: 'Times New Roman', serif;""><span style=""font-size: large;"">
Методы лечения и диагностики:
• питье минеральной воды;
• ванны (жемчужные, вихревые, гальванические четырехкамерные ванны, ванны с релаксирующими продуктами — болгарскими ароматными маслами, водорослями из местности Рупите, талассопродуктами);</span></span>

• <span style=""font-family: 'Times New Roman', serif;""><span style=""font-size: large;"">физиотерапия (электролечение, светолечение, теплолечение, гальванизация, электрофорез, ультразвук, диадинамичные токи, интерферентные токи, магнитотерапия, электростимуляции, аппарат солюкс, ультрафиолет, лазеротерапия, парафин);
• массажи (антистресс массаж, подводный массаж, душ “Шарко”, китайский энергийный гидромассаж, рефлекторный мануальный японский массаж Шиацу, акупрессура);
• двигательная терапия (индивидуальная и групповая лечебная физкультура, фитнес, дыхательная гимнастика);</span></span> <span style=""font-family: 'Times New Roman', serif;""><span style=""font-size: large;"">
• иглотерапия;
• ароматерапия;
• ингалляции;
• сауна,
• фитотерапия на основе болгарских лекарственных трав;
• ЭКГ;
• лабораторные анализы.</span></span>

<span style=""font-family: 'Times New Roman', serif;""><span style=""font-size: large;"">Противопоказания:
• все заболевания в острой форме, гнойные процессы во всех органах;
• злокачественные образования;
• частые, обильные или недавние кровотечения;
• беременность;
• припадочные состояния;
• психические заболевания;
• тяжелое общее состояние или невозможность самообслуживания.</span></span>

<span style=""font-family: 'Times New Roman', serif;""><span style=""font-size: large;""><span lang=""bg-BG""><span style=""color: #8b0000;"">Обед не входит в стоимость</span></span></span></span>

<span style=""color: #00599d;""><span style=""font-family: 'Times New Roman', serif;""><span style=""font-size: large;""><b>Павел Баня</b></span></span></span>

<span style=""font-family: 'Times New Roman', serif;""><span style=""font-size: large;"">Лечебное воздействие минеральной воды проявляется в трех направлениях: тепловом, механическом и химическом. Минеральная вода слабоминерализованная, гидрокарбонатно-натриевая, гипертермальная, радоновая, кремниевая и содержащая фтор со слегка выраженной щелочной реакцией /pH – 7,5-7,9/, может быть использована для принятия внутрь, но только по предписанию врача. Рекомендуется больным с замедленным каллусообразованием, больным с уменьшением костного вещества, остеопорозом, синдромом Зудека, при кариесе зубов и других стоматологических заболеваниях.</span></span>

<b><span style=""color: #333333;""><span style=""font-family: 'Times New Roman', serif;""><span style=""font-size: large;"">Показания к лечению:</span></span></span></b>

<b><span style=""color: #333333;""><span style=""font-family: 'Times New Roman', serif;""><span style=""font-size: large;"">Заболевания опорно-двигательного аппарата:</span></span></span></b><span style=""color: #333333;""><span style=""font-family: 'Times New Roman', serif;""><span style=""font-size: large;""> </span></span></span><span style=""font-family: 'Times New Roman', serif;""><span style=""font-size: large;"">вертеброгенные заболевания; дегенеративные, воспалительные суставные  и перисуставные заболевания; состояния после травматических и ортопедических заболеваний; состояния после эндопротезирования.</span></span>

<b><span style=""color: #333333;""><span style=""font-family: 'Times New Roman', serif;""><span style=""font-size: large;"">Заболевания периферической нервной системы:</span></span></span></b><span style=""color: #333333;""><span style=""font-family: 'Times New Roman', serif;""><span style=""font-size: large;""><b> </b></span></span></span><span style=""font-family: 'Times New Roman', serif;""><span style=""font-size: large;"">дисковая болезнь, моно- и полиневриты, радикулиты, состояния после периферических нервных и спинно-мозговых травм, функциональные нервные заболевания.</span></span>

<b><span style=""color: #333333;""><span style=""font-family: 'Times New Roman', serif;""><span style=""font-size: large;"">Заболевания центральной нервной системы:</span></span></span></b><span style=""color: #333333;""><span style=""font-family: 'Times New Roman', serif;""><span style=""font-size: large;""> </span></span></span><span style=""font-family: 'Times New Roman', serif;""><span style=""font-size: large;"">контузии или прерывание спинного мозга, сосудистые миелопатии.</span></span>

<b><span style=""color: #333333;""><span style=""font-family: 'Times New Roman', serif;""><span style=""font-size: large;"">Методы лечения:</span></span></span></b><span style=""font-family: 'Times New Roman', serif;""><span style=""font-size: large;""><b>
</b></span></span><span style=""font-family: 'Times New Roman', serif;""><span style=""font-size: large;"">- бальнеолечение — ванны, бассейн, лечебные души, подводная гимнастика;
- современная нейрофизиологическая лаборатория с возможностью проведения электромиографии с вызванными потенциалами / соматосенсорными, слуховыми, зрительными;
- подводная экстензия по методу Гечева;</span></span> <span style=""font-family: 'Times New Roman', serif;""><span style=""font-size: large;"">
- подводный массаж;
- парафинолечение;
- лечебная физкультура;
- механотерапия;
- трудовая терапия
- электролечение и светолечение;</span></span> <span style=""font-family: 'Times New Roman', serif;""><span style=""font-size: large;"">
- мануальная терапия;
- диетическое питание в зависимости от заболевания.</span></span>

<b><span style=""color: #333333;""><span style=""font-family: 'Times New Roman', serif;""><span style=""font-size: large;"">Противопоказания:</span></span></span></b><span style=""font-family: 'Times New Roman', serif;""><span style=""font-size: large;""><b>
</b></span></span><span style=""font-family: 'Times New Roman', serif;""><span style=""font-size: large;"">- сосудистые поражения головного мозга /постинсультные состояния/;
- эпилепсия, туберкулез, анемии, циррозы, тяжелый диабет, кровоизлияния и др.;
- сердечнососудистые заболевания в декомпенсации;
- дегенеративные заболевания нервной системы;
- больные с декубитальными язвами и тазовыми расстройствами;
- психические расстройства;
- тяжелые заболевания легких /астма, эмфизем, абсцесс и др./;
- кожные и венерические болезни. </span></span>

<b><span style=""color: #333333;""><span style=""font-family: 'Times New Roman', serif;""><span style=""font-size: large;"">Лечебный персонал/специалисты:</span></span></span></b><span style=""font-family: 'Times New Roman', serif;""><span style=""font-size: large;"">
</span></span><b><span style=""color: #333333;""><span style=""font-family: 'Times New Roman', serif;""><span style=""font-size: large;"">-</span></span></span></b><span style=""color: #333333;""><span style=""font-family: 'Times New Roman', serif;""><span style=""font-size: large;""><b> </b></span></span></span><span style=""font-family: 'Times New Roman', serif;""><span style=""font-size: large;"">физикальная и реабилитационная медицина;
- неврология;
- рентгенология.</span></span>

<span style=""font-family: 'Times New Roman', serif;""><span style=""font-size: large;""><span lang=""bg-BG""><b>П</b></span></span></span><span style=""font-family: 'Times New Roman', serif;""><span style=""font-size: large;""><span lang=""bg-BG""><b>озднее Возвращение в отель «Кристалл» (Равда)</b></span></span></span>
<h2 class=""western"" lang=""bg-BG""><span style=""font-size: large;""><span style=""color: #8b0000;"">8 день: 25 сентября</span></span></h2>
<ul>
	<li><span style=""font-family: 'Times New Roman', serif;""><span style=""font-size: large;""><b>отдых в отеле кристалл (завтрак+обед+ужин)</b></span></span></li>
</ul>
<h2 class=""western"" lang=""bg-BG""><span style=""font-size: large;""><span style=""color: #8b0000;"">9 день: 26 сентября </span></span></h2>
<ul>
	<li><span style=""font-family: 'Times New Roman', serif;""><span style=""font-size: large;""><b>9:00 завтрак</b></span></span></li>
	<li><span style=""font-family: 'Times New Roman', serif;""><span style=""font-size: large;""><b>обед</b></span></span></li>
	<li><span style=""font-family: 'Times New Roman', serif;""><span style=""font-size: large;""><b> в</b></span></span><b><span style=""font-family: 'Times New Roman', serif;""><span style=""font-size: large;"">ыезд обратно</span></span></b></li>
</ul>",Медицинский тур „За здоровьем в Болгарию“,,private,0,closed,,medicinskij-tur-za-zdorovem-v-bolgariyu,,,2016-09-15 11:28:51,2016-09-15 08:28:51,,0,http://bolgaria-travel.com/?post_type=hot_tour&#038;p=4414,0,hot_tour,,0,,,,,,,,,,,,,663,,,,,,,,,,,,,,0,0,0,0,0,,,,,,,,,,,,,,60,,,,,,,,,,,,,,,,,,,,,,,,,,,,,,,,,,,,,,,,,,,,,,,,,,,,,,,,,,,,,,,,,,,,,4420,4419,4418,4417,4416,4415,виза,"входит автобус Киев -Болгария -Киев
трансфер
завтраки+ужины
страховка
Обзорная экскурсия в Варне
Дегустация вина
экскурсия в музей соли
экскурсия в город Пловдив",7,Автобус,dbl,bb,2,180,Две,,17.09.-25.09.2016,,,,,,,,
4421,1,2016-08-04 09:46:49,2016-08-04 06:46:49,"<span style=""font-size: medium;"">Современный двухэтажный отель находится в спокойном районе, в центре курортного поселка Кранево. Пляж с мелким золотистым песком находится в 10 минутах ходьбы.</span>

<span style=""font-size: medium;"">Ресторан с живой музыкой – прекрасный оазис люкса и спокойствия. Отличное место для отдыха в жаркие летние дни. Отель в старом болгарском стиле очарует любителей комфорта. </span>

<span style=""font-size: medium;"">В комнатах есть мини-бары, телевизоры, телефоны, кондиционеры, балконы- все для удобства отдыхающих.</span>

<span style=""font-size: medium;"">В комплексе и вблизи есть прекрасная возможность для разнообразного времяпрепровождения, в том числе и пешеходный туризм.</span>

<span style=""font-size: medium;"">Любителей природы очарует прекрасный сад, который находится на территории отеля.</span>

<span style=""color: #000000;""><span style=""font-size: medium;""><b>Описание номеров:</b></span></span>
<ul>
	<li><span style=""color: #000000;""><span style=""font-size: medium;"">кондиционер воздуха;</span></span></li>
	<li><span style=""color: #000000;""><span style=""font-size: medium;"">личная ванная комната и туалет;</span></span></li>
	<li><span style=""color: #000000;""><span style=""font-size: medium;"">телефон;</span></span></li>
	<li><span style=""color: #000000;""><span style=""font-size: medium;"">доступ в Интернет;</span></span></li>
	<li><span style=""color: #000000;""><span style=""font-size: medium;"">телевизор;</span></span></li>
	<li><span style=""color: #000000;""><span style=""font-size: medium;"">холодильник;</span></span></li>
	<li><span style=""color: #000000;""><span style=""font-size: medium;"">24-часовое обслуживание номеров.</span></span></li>
</ul>
<span style=""color: #000000;""> </span>

<span style=""color: #000000;""><span style=""font-size: medium;""><b>Инфраструктура отеля:</b></span></span>
<ul>
	<li><span style=""color: #000000;""><span style=""font-size: medium;"">камера хранения;</span></span></li>
	<li><span style=""color: #000000;""><span style=""font-size: medium;"">сейф;</span></span></li>
	<li><span style=""color: #000000;""><span style=""font-size: medium;"">магазин;</span></span></li>
	<li><span style=""color: #000000;""><span style=""font-size: medium;"">парковка.</span></span></li>
</ul>",Извора,,private,0,closed,,izvora,,,2016-09-15 11:25:10,2016-09-15 08:25:10,,0,http://bolgaria-travel.com/?post_type=hot_tour&#038;p=4421,0,hot_tour,,0,,,,,,,,,,,,,424,,,,,,,,,,,,,,0,0,0,0,0,,,,,,,,,,,,,,60,,,,,,,,,,,,,,,,,,,,,,,,,,,,,,,,,,,,,,,,,,,,,,,,,,,,,,,,,,,,,,,,,,,,,4424,4426,4425,4427,4423,4422,Виза,"Проживание в отеле: 7 ночей
Завтраки
Автобус в обе стороны.
Трансфер до отеля
Медицинская страховка",7,Автобус,dbl,bb,2,207,Три,,С 30 июля по 8 августа,С 6 августа  по 15 августа,С 13 августа  по 22 августа,С 27 августа  по 5 сентября,,,,,
4428,1,2016-08-04 09:49:48,2016-08-04 06:49:48,"<span style=""font-size: medium;"">Отель Палас открыт для гостей весь летний сезон. Он находится всего лишь в 200м от пляжа.</span>

<span style=""font-size: medium;"">В отеле есть открытый басейн, прекрасный ресторан, кафе-терасса, детская площадка, </span>

<span style=""font-size: medium;"">В комнатах есть балконы, кондиционеры, телевизоры, мини-бары, телефоны.</span>

<span style=""font-size: medium;"">Апартаменты в этом отеле – двухкомнатные, и кроме вышеперечисленого, располагают и небольшими кухнями, микроволновыми печками и кухонными приборами.</span>

<span style=""font-size: medium;"">Отель Палас предлагает отдыхающим волнующие экскурсии.</span>

<span style=""font-size: medium;"">Прекрасное обслуживание и черноморский климат сделают ваш отдых незабываемым!</span>

&nbsp;

<span style=""color: #000000;""><span style=""font-size: medium;""><b>Описание номеров:Инфраструктура отеля:</b></span></span>

<span style=""color: #000000;"">• <span style=""font-size: medium;"">доп. кровать (кресло-кровать) </span></span>

<span style=""color: #000000;"">• <span style=""font-size: medium;"">центральный кондиционер </span></span>

<span style=""color: #000000;"">• <span style=""font-size: medium;"">спутниковое TV </span></span>

<span style=""color: #000000;"">• <span style=""font-size: medium;"">мини-бар </span></span>

<span style=""color: #000000;"">• <span style=""font-size: medium;"">телефон </span></span>

<span style=""color: #000000;"">• <span style=""font-size: medium;"">Wi-Fi (бесплатно) </span></span>

<span style=""color: #000000;"">• <span style=""font-size: medium;"">санузел с душем </span></span>

<span style=""color: #000000;"">• <span style=""font-size: medium;"">фен (на рецепции) </span></span>

<span style=""color: #000000;"">• <span style=""font-size: medium;"">балкон </span></span>

<span style=""color: #000000;"">• <span style=""font-size: medium;"">пол – керамическая плитка </span></span>

<span style=""color: #000000;"">• <span style=""font-size: medium;"">уборка номера – ежедневно </span></span>

<span style=""color: #000000;"">• <span style=""font-size: medium;"">смена постельного белья – 2 раза в неделю </span></span>

<span style=""color: #000000;"">• <span style=""font-size: medium;"">смена полотенец – 2 раза в неделю </span></span>",Палас,,private,0,closed,,palas,,,2016-09-12 12:09:44,2016-09-12 09:09:44,,0,http://bolgaria-travel.com/?post_type=hot_tour&#038;p=4428,0,hot_tour,,0,,,,,,,,,,,,,462,,,,,,,,,,,,,,0,0,0,0,0,,,,,,,,,,,,,,60,,,,,,,,,,,,,,,,,,,,,,,,,,,,,,,,,,,,,,,,,,,,,,,,,,,,,,,,,,,,,,,,,,,,,4434,4433,4432,4431,4430,4429,Виза,"Проживание в отеле: 7 ночей
Завтраки
Автобус в обе стороны.
Трансфер до отеля
Медицинская страховка
",7,Автобус,dbl,bb,1,214,Три,,С 30 июля по 8 августа,С 6 августа  по 15 августа,С 13 августа  по 22 августа,С 27 августа  по 5 сентября,,,,,
4435,1,2016-08-04 09:54:47,2016-08-04 06:54:47,"<p lang=""ru-RU""><span style=""font-family: Calibri, serif;""><span style=""font-size: medium;""><b>Примерное меню:</b></span></span></p>
<strong>1 день</strong>
<ul>
	<li>Завтрак – чай ​​или кофе без сахара, вареное яйцо (1шт), томатный сок;</li>
	<li>Ланч (10: 00) – фрукты сезонные, чай без сахара;</li>
	<li>Обед – овощной суп, куриный стейк, огурец;</li>
	<li>Полдник (15: 00) – обезжиренный йогурт;</li>
	<li>Ужин – салат сезонный овощной попурри, зеленый перец, без жира.</li>
</ul>
<strong>2 </strong><strong>день</strong>
<ul>
	<li>Завтрак – чай ​​или кофе без сахара, сливочный сыр - 50 граммов, 50 граммов хлеба;</li>
	<li>Ланч (10: 00) – фрукты сезонные, чай без сахара;</li>
	<li>Обед – 100 г вареного картофеля с петрушкой, приготовленные на гриле, скумбрия 150 г;</li>
	<li>Полдник (15: 00) – салат из тертой моркови;</li>
	<li>Ужин – салат, сезонные овощи, овощи с рисом (пример - шпинат с рисом, славянское рагу, кабачок с рисом, паприка с рисом).</li>
</ul>
<strong>3 д</strong><strong>е</strong><strong>нь:</strong>
<ul>
	<li>Завтрак – йогурт, овсяные хлопья, свежие фрукты;</li>
	<li>Ланч (10: 00) – огурец чай без сахара;</li>
	<li>Обед – таратор с низким содержанием жира, горох, тушеные с морковью или зеленые бобы;</li>
	<li>Полдник (15: 00) - свежие фрукты;</li>
	<li>Ужин – салат, сезонные овощи, куриное филе 150 г</li>
</ul>
<strong>4 д</strong><strong>е</strong><strong>нь:</strong>
<ul>
	<li>Завтрак – кофе, чай без сахара, 30 г маслин, 30 г сыра, 50 г цельнозернового хлеба;</li>
	<li>Ланч (10: 00) – фрукты, чай без сахара;</li>
	<li>Обед – телячьи котлеты на гриле (2 шт), сезонный салат, обезжиренный йогурт;</li>
	<li>Полдник (15: 00) – 50 г сыра ;</li>
	<li>Ужин – салат, сезонные овощи и омлет с обезжиренным сыром.</li>
</ul>
<strong>5 дней</strong>
<ul>
	<li>Завтрак – кофе или чай без сахара, 30 г куриного филе, 50 г хлеба;</li>
	<li>Ланч (10: 00) – чай ​​без сахара и вареный картофель;</li>
	<li>Обед – овощной суп, приготовленный на гриле макрель;</li>
	<li>Полдник (15: 00) – свежие фрукты в сезон;</li>
	<li>Ужин – салат, сезонные овощи, постные рагу.</li>
</ul>
<strong>6 день:</strong>
<ul>
	<li>Завтрак – чай ​​или кофе без сахара, вареное яйцо (1шт), томатный сок;</li>
	<li>Ланч (10: 00) – фрукты сезонные, чай без сахара;</li>
	<li>Обед – овощной суп, куриный стейк, огурец;</li>
	<li>Полдник (15: 00) – обезжиренный йогурт;</li>
	<li>Ужин – салат сезонный овощной попурри зеленый перец без жира.</li>
</ul>
&nbsp;
<ol>
	<li><strong> ПРОГРАММА ПОХУДЕНИЯ</strong></li>
</ol>
<ul>
	<li>первый прием – сбор данных клиента и оформление карточки;</li>
	<li>5-ти разовое питание: 3-х разовое основное и 2 промежуточных приема пищи, разработанные диетологом на базе 1100 ккал в день;</li>
	<li>до обеда - ЛФК (1 час и 20 мин), аквааеробика (50 мин);</li>
	<li>после обеда – походы: лечебная ходьба, пляж или танцы на выбор;</li>
	<li>подготовка индивидуальных рекомендаций по окончанию программы, а также примерного меню продолжительного режима здорового питания с целью улучшения результатов.</li>
</ul>
<ol start=""2"">
	<li><strong> ВОССТАНОВИТЕЛЬНАЯ ПРОГРАММА</strong></li>
</ol>
<ul>
	<li>первый прием – сбор данных клиента, оформление карточки и подготовка восстановительного плана</li>
	<li>5-ти разовое питание,  3-х разовое основное и 2 промежуточных приема пищи, разработанных диетологом на базе 1100 ккал в день</li>
	<li>до обеда ЛФК – лечебная гимнастика (1 час и 20 мин)</li>
	<li>один сеанс терапевтического массажа  плюс 1 восстановительная процедура с использованием поморийской лечебной грязи, поморийской луги, парафина, терапии ультразвука и электрофореза</li>
	<li>подготовка рекомендаций до отъезда с указанием дальнейшего режима реабилитации</li>
</ul>
<ol start=""3"">
	<li><strong>
</strong><strong> ПРОГРАММА ПОХУДЕНИЯ И РЕЛАКСАЦИИ</strong></li>
</ol>",Фитнес,,private,0,closed,,fitnes,,,2016-10-12 09:30:43,2016-10-12 06:30:43,,0,http://bolgaria-travel.com/?post_type=hot_tour&#038;p=4435,0,hot_tour,,0,,,,,,,,,,,,,508,,,,,,,,,,,,,,0,0,0,0,0,,,,,,,,,,,,,,60,,,,,,,,,,,,,,,,,,,,,,,,,,,,,,,,,,,,,,,,,,,,,,,,,,,,,,,,,,,,,,,,,,,,,4441,4440,4439,4438,4437,4436,"Виза не входит в стоимость 35 €
15 € для пенсионеров","автобус в две стороны Украина-Болгария
трансфер
страховка
6 ночей в Вилле на Солнечном Берегу;
диета, здоровое питание, подобранное диетологом - 5 приемов пищи в день (3 основных и 2 перекуса);
потеря веса, гимнастика и восстановление - похудение в целом поддерживает ЛФК;
фитнес;
лечебная программа - пешеходные тропы и морские экскурсии;
подводная ( гидролечебная) гимнастика;
чайные паузы с натуральными чаями – зеленый чай, ройбуш и другие сорта;
ведение индивидуального ежедневного  дневника  пациента по  мониторингу веса и здоровья - все параметры.",7,Автобус,dbl,fb,2,254,Три,,21.08-28.08,25.08-1.09,1.08-9.08,8.15-15.15,,,,,
4450,1,2016-08-04 18:32:34,2016-08-04 15:32:34,"Отель BELLEVUE 3* предлагает незабываемый отдых в Кранево. Современный дизайн и архитектура, приятный декор в пастельных тонах, экологически чистые продукты, красивая природа и черноморский воздух не оставят равнодушным ни одного туриста.

Отель находится всего в 300м от золотого песчаного пляжа. Море неглубокое и безопасное для детей. В отеле есть открытый бассейн и терраса для солнечных ванн, фитнес, подземный паркинг, в комнатах - телевизоры, кондиционеры, минибары, уютные балконы.

Ресторан предлагает разнообразное меню национальной и европейской кухни, в том числе и диетическое меню. Лобби-бар предложит Вам разные алкогольные и безалкогольные коктейли, кофе, мороженое и др.

Гости отеля также могут воспользоваться и дополнительными услугами: массаж, настольный тенис, пинг-понг, бильярд, велосипеды, rent-a-car. На всей территории отеля есть бесплатный Wi-Fi. Поблизости находятся резерват Балта, курорты Албена и Золотые пески, г.Варна.

Спокойная атмосфера, хорошее обслуживание.
Спорт и Отдых:
<ul>
	<li>Настольный теннис</li>
	<li>Бильярд</li>
	<li>Массаж</li>
	<li>Фитнес-центр</li>
	<li>Сауна</li>
</ul>
Сервисы:
<ul>
	<li>Камера хранения багажа</li>
	<li>Факс/ксерокопирование</li>
	<li>Прокат автомобилей</li>
	<li>Упакованные ланчи</li>
	<li>Услуги по глажению одежды</li>
	<li>Прачечная</li>
	<li>Круглосуточная стойка регистрации</li>
	<li>Конференц-зал/банкетный зал</li>
	<li>Доставка еды и напитков в номер</li>
</ul>
Доп. Услуги:
<ul>
	<li>Кондиционер</li>
	<li>Сейф</li>
	<li>Лифт</li>
	<li>Семейные номера</li>
	<li>Номера для некурящих</li>
</ul>",BELLEVUE 3*,,private,0,closed,,4450,,,2016-10-12 09:30:41,2016-10-12 06:30:41,,0,http://bolgaria-travel.com/?post_type=hot_tour&#038;p=4450,0,hot_tour,,0,,,,,,,,,,,,,956,,,,,,,,,,,,,,0,0,0,0,0,,,,,,,,,,,,,,60,,,,,,,,,,,,,,,,,,,,,,,,,,,,,,,,,,,,,,,,,,,,,,,,,,,,,,,,,,,,,,,,,,,,,4456,4455,4454,4453,4452,4451,Виза,"Проживание в отеле: 7 ночей
Завтраки
Автобус в обе стороны
Трансфер до отеля
Медицинская страховка",7,Автобус,dbl,bb,2,224,Три,,C 18.08 по 25.08,C 11.08 по 28.08,C 24.08 по 1.09,C 4.09 по 11.09,,,,,
4854,6,2016-09-02 12:22:08,0000-00-00 00:00:00,"Путешествие по Болгарии принесёт туристам много полезного, красивого, познавательного и спасительного для души! Одним из таких мест, в котором камертоном соединились великолепная природа и духовная чистота, является территория природного парка Рильского монастыря. Площадь парка около 25 тысяч Га. Это место является священным для всего православного мира и для пылких любителей  природы, которые ценят божественную красоту вековых пихтовых лесов, высоких гор и живописных скал. Там легко можно увидеть горных козлов и кабанов, в этой местности водятся бурые медведи, волки, лисы, еноты и прочая живность. Путешественники могут остановиться с палатками на живописнейшей Партизанской поляне в окружении леса и гор, наслаждаться чистейшим горным воздухом, тишиной, слушать прекрасное пение лесных птиц, ночью любоваться яркими звездами и необыкновенно «близкой» луной. Многие даже не представляют, какое это удовольствие напиться из горной реки или родника, развести костер, приготовить себе еду и почувствовать себя свободным от материального мира человеком, наслаждаясь истинным единством с природой и отбросив «ложные» ценности.

От партизанской поляны несколько туристических маршрутов ведут в горы. Все они необыкновенной красоты, из них можно выбрать для себя тот, который больше подходит по уровню сложности, дальности и тематике. Этим тропам более 10-и веков, они были проложены странствующими монахами, следующими к монастырю.

Однако, если Вы не готовы остаться один на один с природой, есть и другой, более «цивилизованный» вариант: можно воспользоваться услугами бунгал и уютных вилл, которые находятся на небольшом удалении от поляны и предлагают комфортные условия.

По желанию туриста местные рыболовы и охотники с удовольствием приглашают присоединиться к ним в их ремесле. Это увлекательное путешествие за трофеями по горным дорогам через леса, горы и реки вы пронесете через всю жизнь и без сомнения приедете сюда еще не один раз.

Туристы, которые ищут ответы на вечные вопросы, могут поселиться в Рильском монастыре в монашеской келье, где им представится возможность приложиться к Святым мощам Иоана Рильского, подробно ознакомиться с самым почитаемым в Болгарии монастырем, посетить музей, испить святой воды, отведать монастырского хлеба. Во время службы, песнопение мужского хора вызывает неподдельную дрожь, которую мы советуем ощутить каждому. Это место действительно святое и чистое, ведь в  монастыре нашли свое последнее пристанище мощи 32 святых. Красота и намоленность храма, чудотворные иконы отзовутся в вашем сердце благоговейным трепетом и наполнят уверенностью праведников и страждущих к истине. Священнослужители прекрасно говорят по-русски, они с удовольствием ответят на все ваши вопросы. Вблизи храма есть другие святые места, посещение которых, согласно преданию, очистит души, исцелит и поможет в мольбах.",Тропой монахов,,draft,0,closed,,,,,2016-09-02 12:22:08,2016-09-02 09:22:08,,0,http://bolgaria-travel.com/?post_type=hot_tour&#038;p=4854,0,hot_tour,,0,,,,,,,,,,,,,1,,,,,,,,,,,,,,0,0,0,0,0,,,,,,,,,,,,,,30,,,,,,,,,,,,,,,,,,,,,,,,,,,,,,,,,,,,,,,,,,,,,,,,,,,,,,,,,,,,,,,,,,,,,,,,,,,,,1,Автобус,none,bo,1,,ноль,,,,,,Рильский монастырь,Рильский монастырь,54,,
5096,8,2016-09-08 17:13:11,2016-09-08 14:13:11,"Участникам тура предлагают размещение в бальнеоотеле ""АУРА 3*"", который расположен на холме, недалеко от центра города, откуда открывается панорамный вид на Родопы.

Отель располагает 63 двухместными номерами, 3 стандартными люкс-номерами и тремя большими апартаментами. В ногмерах есть кабельное телевидение, Интернет, бесплатный Wi-Fi, кондиционер, телефон, мини-бар, аудиосистема и тревожная кнопка.

<strong>Все номера и люксы отеля снабжены теплой минеральной водой.</strong>

Во время пребывания гости могут остановиться в классическом ресторане с современной и стильной комфортной обстановкой и просторной солнечной террасой. Великолепный интерьер фойе отеля создает уникальную атмосферу для отдыха посетителей.

<strong>Основная специализация</strong><strong>:</strong>
<ul>
	<li>Заболевания дыхательных путей: хронические ларингиты, фарингиты, синуситы, бронхиты, бронхиальная астма.</li>
	<li>Заболевания опорно-двигательного аппарата: артрозы (колени, тазобедренный сустав и др.); артриты (ревматические, инфекционные); разные травмы, профессиональные заболевания (тендовагиниты, миозиты, вибрационная болезнь и др.).</li>
	<li>Болезни периферической нервной системы: невралгии, невриты, радикулиты, плекситы, дископатиты,  заболевания, полученные в результате травм, остаточные явления заболеваний мозга, расстройства нервной системы,</li>
	<li>Гинекологические заболевания: хронические воспалительные заболевания женских органов.</li>
	<li>Эндокринные заболевания обмена веществ: диабет, подагра.</li>
	<li>Кожные заболевания: уртикарии, экземы, дерматиты, псориаз и др.</li>
	<li>Сердечно-сосудистые заболевания: гипертония, атеросклероз, артериопатит и др.</li>
	<li>Заболевания органов пищеварения: желчно-каменная болезнь, язвенная болезнь при пониженной кислотности, хронические холециститы, гепатиты.</li>
</ul>
Противопоказания для лечения в Велинграде - острые инфекционные заболевания; психические заболевания; онкологические заболевания; хронические заболевания в стадии декомпенсации; острая стадия воспалительных заболеваний; беременность.",Бальнео-тур Аура,,publish,0,closed,,balneo-tur-aura,,,2016-09-12 15:04:50,2016-09-12 12:04:50,,0,http://bolgaria-travel.com/?post_type=hot_tour&#038;p=5096,0,hot_tour,,0,,,,,,,,,,,,,277,,,,,,,,,,,,,,0,0,0,0,0,,,,,,,,,,,,,,60,,,,,,,,,,,,,,,,,,,,,,,,,,,,,,,,,,,,,,,,,,,,,,,,,,,,,,,,,,,,,,,,,,,,,5099,5103,5102,5100,5097,5104,"• Болгарская виза-35 €
• Автобус Киев-Варна-Киев от 80 € (авиаперелет от Киев-София-Киев - 180€)
• Трансфер от 15 € (в зависимости от количества пассажиров)","Что входит в стоимость тура:
• Проживание;
• Питание(завтрак+обед+ужин);
• Реабилитационный блок (медицинский осмотр, частичный массаж / тангентор, ЛФК, физиотерапия);
• Аква зона;
• Открытый и закрытый бассейн;
• Джакузи под открытым небом;
• Сауна;
• Паровая баня;
• 2 тренажерных зала;
• Бесплатное пользование термальными бассейнами и джакузи;
• Медицинская страховка.",7,Автобус,dbl,fb,2,251,Три,247,с 15 по 23 октября,с 22 по 30 октября,,,,,,,
5118,7,2016-09-12 12:04:58,2016-09-12 09:04:58,"<strong>ПОМОРЬЕ</strong>

Курорт является объектом многолетних медицинских исследований и его профиль включает целый ряд заболеваний.  Применение грязелечебных процедур отлично влияет на нервную систему, лечит ожирение, подагру и гипертоническую болезнь, некоторые заболевания дыхательных органов (хронические бронхиты, легкие формы бронхиальной астмы).  Хорошие лечебные результаты получаются и при некоторых заболеваниях периферической нервной системы, кожи и желудочно–кишечного тракта, печени и поджелудочной железы. Лечение щелоком и луголечение помогает при заболеваниях опорно-двигательного аппарата (хронические дегенеративные и воспалительные суставные заболевания), венерологических и гинекологических заболеваниях.
<strong>Лечебный щелок</strong>.  Всем известно, что в древности соль была на вес золота. На всей Земле этот бесценный продукт добывался тяжело и долго. Однако на полуострове Поморие его было предостаточно. После испарения воды поверхность соли покрывается тонким слоем серовато-коричневого вещества. Это и есть щелок, который по своему составу близок к лечебной грязи.

<strong>Пакеты процедур предоставляются на выбор:</strong>

№1. ХРОНИЧЕСКИЕ ЗАБОЛЕВАНИЯ ОПОРНО-ДВИГАТЕЛЬНОГО АППАРАТА: АРТРО-РЕВМАТИЧЕСКИЕ ЗАБОЛЕВАНИЯ (АРТРОЗЬI, АТРИТЬI, РАДИКУЛИТ, ДИСКОВАЯ ГРЬIЖА)
Пакет включает: — врачебный осмотр, на 7 ночей- 10 процедур, на 14 ночей — 20 процедур из физиотерапии , компресс из луги/, вибромассаж, ванна из можжевельника, грязевая аппликация или грязевая ванна по предписанию врача.

№2. ЗАБОЛЕВАНИЯ ОРГАНОВ ДЬIХАНИЯ: ФАРИНГИТЬI, ЛОРИНГИTЬI, ТОНЗИЛИТЬI, ТРАХЕИТЬI, СИНУЗИТЬI И ХРОНИЧЕСКИЕ БРОНХИТЬI
Пакет включает: врачебный осмотр, на 7 ночей — 10 процедур, на 14 ночей — 20 процедур: ингаляции из луги; грязевая ванна и компресс из луги.

№3. ПРОГРАММА ЛЕЧЕНИЯ ХРОНИЧЕСКИХ КОЖНЬIХ ЗАБОЛЕВАНИЙ- ПСОРИАЗ, ЭКЗЕМЫ, ВЬIПАДЕНИЯ ВОЛОС.
Программа включает: врачебный осмотр, на 7 ночей - 10 процедур, на 14 ночей -20 процедур: щелоковый компресс, грязелечение (грязевая аппликация или грязевая ванна), можжевеловая ванна.

№4 ПРОГРАММА ДЛЯ ЛЕЧЕНИЯ СТРЕССОВЫХ СОСТОЯНИЙ
Пакет включает: врачебный осмотр, на 7 ночей — 10 процедур, на 14 ночей — 20 процедур: 15 минутный мануальный массаж, подводный массаж и ванна из можжевельника.

&nbsp;

<strong>Под воздействием грязелечебных процедур наступает сильная активация метаболических процессов.</strong>",Бальнео-тур InterHotel,,publish,0,closed,,balneo-tur-pomore,,,2016-09-12 15:04:02,2016-09-12 12:04:02,,0,http://bolgaria-travel.com/?post_type=hot_tour&#038;p=5118,0,hot_tour,,0,,,,,,,,,,,,,267,,,,,,,,,,,,,,0,0,0,0,0,,,,,,,,,,,,,,60,,,,,,,,,,,,,,,,,,,,,,,,,,,,,,,,,,,,,,,,,,,,,,,,,,,,,,,,,,,,,,,,,,,,,5125,5124,5123,5122,5121,5120,"• Болгарская виза-35 €
• Трансфер","• Проживание
• Лeчебный пакет
• Медицинская страховка
• ТРАНСПОРТ Киев-Варна-Киев
",7,Автобус,dbl,bo,2,210,Три,247,с 1 по 9 октября,,,,,,,,
5191,8,2016-09-15 11:24:11,2016-09-15 08:24:11,"Участники тура будут размещены в отеле ""MURA"" .

""Mura"" - это отличный трехзвездочный отель, расположенный в центре курорта Боровец, напротив станции гондольного подъемника. Классическая романтика горного отеля искусно сочетается с эффектным дизайном, яркими цветами и всеми необходимыми удобствами для городского человека.

В отеле 47 двухместных и 19 трехместных номеров. Во всех номерах есть ванная комната, телефон, телевизор и холодильник / мини-бар, а номера на первом этаже - с террасами.

В отеле есть ресторан на 120 мест, лобби-бар с камином, Интернет-клуб и два конференц-зала на 20 и 50 мест. Для комфорта семей с детьми на территории отеля расположена детская игровая площадка .

<strong>Праздничн</strong><strong>ый у</strong><strong>жин 31.12.2016 г. оплачивается отдельно в обязательном порядке:</strong>

<strong>Взросл</strong><strong>ый - 60 </strong><strong>€.</strong>

<strong>Ребенок от 2 до 12 - 30 €.</strong>

<strong>Коммунальная такса: 5 € - взросл</strong><strong>ы</strong><strong>й/2.50 € - ребенок.</strong>",Новогодний тур Боровец,,publish,0,closed,,novogodnij-tur,,,2016-09-15 11:53:19,2016-09-15 08:53:19,,0,http://bolgaria-travel.com/?post_type=hot_tour&#038;p=5191,0,hot_tour,,0,,,,,,,,,,,,,202,,,,,,,,,,,,,,0,0,0,0,0,,,,,,,,,,,,,,60,,,,,,,,,,,,,,,,,,,,,,,,,,,,,,,,,,,,,,,,,,,,,,,,,,,,,,,,,,,,,,,,,,,,,5204,5203,5202,5201,5200,5199,Болгарская виза - 35 €,"Проживание 6 ночей
Завтраки
Гардероб для аксессуаров  лыжного спорта
Медицинская страховка
Трансфер
Транспорт Киев-Варна-Киев",7,Автобус,dbl,bb,2,294,Три,,29 декабря -5 января,,,,,,,,
5206,8,2016-09-15 11:46:10,2016-09-15 08:46:10,"Размещение участников тура - в отеле ""Думанов 3*"".

""Думанов 3*"" - это новый трехзвездочный отель высокого класса. Он построен в традиционном банском стиле с соблюдением современных требований и стандартов.

Гостиница находится в самой престижной части Банско, недалеко от горы и в считанных метрах от подъемника „Гондола” в окружении крупнейших и роскошнейших отелей города: „Кемпински”, „Тамплиер”, „Перун”, „Лион” и др.

Ресторан на 260 мест с летним садом и уютным лобби-баром подарит вам великолепные блюда болгарской кухни и бодрящие напитки.

Для Вашего комфорта и расслабления предлагается СПА-центр, фитнес зал и массажный салон.

Кроме этого, для Вас есть паркинг, магазины, банкомат, парикмахерская, ски-гардероб, видеонаблюдение и Wi-Fi интернет во всем комплексе.

<strong>Праздничн</strong><strong>ый у</strong><strong>жин 31.12.2016 г дополнительно оплачивается обязательно:</strong>

<strong>Взросл</strong><strong>ый - 54 </strong><strong>€</strong>

<strong>Ребенок от 2 до 12 - 27  €</strong>",Новогодний тур в Банско,,publish,0,closed,,novogodnij-tur-bansko,,,2016-09-15 12:01:24,2016-09-15 09:01:24,,0,http://bolgaria-travel.com/?post_type=hot_tour&#038;p=5206,0,hot_tour,,0,,,,,,,,,,,,,210,,,,,,,,,,,,,,0,0,0,0,0,,,,,,,,,,,,,,60,,,,,,,,,,,,,,,,,,,,,,,,,,5206,,,,,,,,,,,,,,,,,,,,,,,,,,,,,,,,,,,,,,,,,,,5212,5211,5210,5209,5208,5207,Болгарская виза - 35 €,"Проживание 6 ночей
Завтраки
Гардероб для аксессуаров  лыжного спорта
СПА-центр
Фитнес центр
Медицинская страховка
Трансфер
Транспорт Киев-Варна-Киев
",7,Автобус,dbl,bb,2,310,Три,,29 декабря - 5 января,,,,,,,,
5224,6,2016-10-10 10:53:05,2016-10-10 07:53:05,"Высокий и средний горнолыжный сезон – самое любимое время для отдыха в горах, наслаждения активным туризмом, шоппингом и мягким зимним солнцем. Многие туристы предпочитают ездить в Болгарию на личном автомобиле, ведь это расширяет возможности для путешествий, позволяет быть независимыми, свободными и наслаждаться отдыхом в полной мере.

Мы предлагаем вам отличный вариант качественного и недорогого отдыха в январе и феврале. «Анели 3*» - очень уютный отель, расположенный в 5 минутах от центра курорта Банско. Он ждет своих гостей всю зиму для увлекательных горнолыжных прогулок по снежным склонам. Отель предлагает бесплатный трансфер до подъемника, лыжный гардероб и Интернет для своих гостей.

Дизайн интерьера впечатляет всех отдыхающих. В номерах есть индивидуальная ванная комната и туалет, телевизор с кабельным ТВ, минибар, телефон, фен, удобные кровати, гардероб, ночные шкафчики, стол и Wi-Fi.

Отель располагает механой – рестораном в национальном стиле, лобби-баром и спортивной площадкой.",Банско Анели 3*,,publish,0,closed,,bansko-aneli-3,,,2016-10-10 10:53:05,2016-10-10 07:53:05,,0,http://bolgaria-travel.com/?post_type=hot_tour&#038;p=5224,0,hot_tour,,0,,,,,,,,,,,,,52,,,,,,,,,,,,,,0,0,0,0,0,,,,,,,,,,,,,,30,,,,,,,,,,,,,,,,,,,,,,,,,,,,,,,,,,,,,,,,,,,,,,,,,,,,,,,,,,,,,,,,,,,,,5234,5233,5232,5231,5226,5225,"•	транспорт
•	виза","•	медицинская страховка
•	проживание
•	завтраки
•	трансфер до подъемника
•	пользование лыжным гардеробом для собственного снаряжения
•	Интернет.",7,Автобус,app,bb,2,97,Три,,,,,,,,,,
5235,6,2016-10-10 11:14:37,2016-10-10 08:14:37,"Отель «Русковец 4*» - это настоящая зимняя сказка в небольшом селе Добриниште, которое славится и целебными источниками, и возможностью отличного горнолыжного отдыха. В отеле Русковец вы почувствуете себя абсолютно комфортно, ведь стильная обстановка отеля, доброжелательное отношение и русскоговорящий персонал создадут домашнюю атмосферу.

В отеле есть замечательный СПА-центр, обстановка которого располагает к отдыху и оздоровлению, с бассейнами, наполненными минеральной водой, с встроенными устройствами для воздушного и гидромассажа. Купание в бассейнах в комплексе с дополнительными процедурами помогает излечиться от заболеваний суставов, костей, нервной системы, ЖКТ, легких, зубов и кожи. Кроме того, спа центр предлагает терапии для лица, тела, антицеллюлитные и водные процедуры, маникюр, педикюр и т.д.

Гости отеля могут также брать напрокат горнолыжное обмундирование и выбирать между двумя крупными зонами для катания. Они имеют возможность ездить в Банско, на самую длинную лыжную трассу, либо пользоваться бесплатными подъемниками в Добриниште.

Отель предлагает гостям посетить их рестораны и бары, вы можете быть уверены в изысканности кухни и высоком уровне обслуживания. Молодые люди могут развеяться в отличном ночном клубе, где звучат только последние хиты и царит уникальная атмосфера.

Все апартаменты в комплексе очень комфортны, в них есть собственный сан. узел, ванная, фен, средства гигиены, полотенца, халаты, тапочки, мини-кухня с полным оборудованием, обеденная зона, диван, двуспальная кровать.

Размещение ребенка до 6 лет – бесплатно!",Русковец 4* Добриниште,,publish,0,closed,,ruskovec-4-dobrinishte,,,2016-10-10 11:14:37,2016-10-10 08:14:37,,0,http://bolgaria-travel.com/?post_type=hot_tour&#038;p=5235,0,hot_tour,,0,,,,,,,,,,,,,25,,,,,,,,,,,,,,0,0,0,0,0,,,,,,,,,,,,,,30,,,,,,,,,,,,,,,,,,,,,,,,,,,,,,,,,,,,,,,,,,,,,,,,,,,,,,,,,,,,,,,,,,,,,5242,5241,5240,5239,5238,5237,"•	транспорт.
•	визы.","•	медицинская страховка
•	проживание
•	завтрак
•	пользование детской игровой зоной
•	трансфер до подъемников Добриниште и Банско
•	лыжный гардероб
•	фитнес зал
•	Wi-Fi на территории комплекса
•	Кондиционер
•	мини-сейф в апартаменте
•	пользование внутренними внешним теплым минеральным бассейном для взрослых и детей
•	спа-зона (парные бани, джакузи, сауна и кнайп-дорожка).",7,Автобус,dbl,bb,2,179.8,Четыре,,,,,,,,,,
5243,6,2016-10-10 11:30:43,2016-10-10 08:30:43,"Курорт Боровец – известнейшее место среди любителей горнолыжного туризма и спорта, ведь здесь наилучшие условия для зимнего отдыха на Балканском полуострове. Неоднократно в этом месте проводились чемпионаты мира и серьезнейшие соревнования. Поэтому компания «Булгар Туризм» рекомендует своим клиентом приехать именно сюда с большой и дружной семьей или компанией.

В этом курорте есть отличное место для отдыха – виллы «Малина» и «Ягода», выполненные в традиционном польском и финском стилях. Каждая из вилл рассчитана на 4-ех взрослых. До ближайших подъемников - всего 1,5 км. Трассы курорта имеют разный уровень сложности и подходят как для начинающих лыжников, так и для экспертов. Кроме того, курорт предоставляет возможность занятий другими зимними видами спорта, а на горнолыжных трассах круглосуточно работают медики.

Виллы предлагают такие удобства: гостиную с раскладным диваном, шкафом, телевизором и спутниковым ТВ, маленькую спальню с двухъярусной кроватью, оборудованный кухонный уголок, индивидуальный сан. узел и террасу со столом и скамейкой.

На территории комплекса есть ресторан на 90 мест, в котором подают блюда болгарской и европейской кухонь, детская площадка и теннисный стол.",Тур для компании,,publish,0,closed,,tur-dlya-kompanii,,,2016-10-10 11:30:43,2016-10-10 08:30:43,,0,http://bolgaria-travel.com/?post_type=hot_tour&#038;p=5243,0,hot_tour,,0,,,,,,,,,,,,,38,,,,,,,,,,,,,,0,0,0,0,0,,,,,,,,,,,,,,30,,,,,,,,,,,,,,,,,,,,,,,,,,,,,,,,,,,,,,,,,,,,,,,,,,,,,,,,,,,,,,,,,,,,,5249,5248,5247,5246,5245,5244,"•	транспорт
•	визы.","•	Проживание
•	возможность готовить самостоятельно
•	сауна в каждой вилле
•	медицинская страховка. ",7,Автобус,app,bo,4+1,99,Три,,,,,,,,,,
5251,6,2016-10-10 11:42:39,2016-10-10 08:42:39,"Болгария – одна из тех стран, где поездки на собственном авто приносят особенное удовольствие. Для любителей автомобильных поездок и горнолыжного туризма мы предлагаем супер-бюджетный декабрьский тур в отель «Виен 3*». Эта гостиница отличается гостеприимностью и доброжелательным персоналом. От нее до станции канатного подъемника курорта Банско – всего 5 минут пешком. Отель предлагает бесплатный трансфер до подъемника, лыжный гардероб и Интернет для своих гостей.

Дизайн интерьера впечатляет всех отдыхающих. В номерах есть индивидуальная ванная комната и туалет, телевизор с кабельным ТВ, холодильник и бесплатный Wi-Fi.

Отель располагает уютным рестораном с камином, где подают блюда национальной и средиземноморской кухонь.",Автомобильный тур,,publish,0,closed,,avtomobilnyj-tur,,,2016-10-13 15:14:48,2016-10-13 12:14:48,,0,http://bolgaria-travel.com/?post_type=hot_tour&#038;p=5251,0,hot_tour,,0,,,,,,,,,,,,,44,,,,,,,,,,,,,,0,0,0,0,0,,,,,,,,,,,,,,60,,,,,,,,,,,,,,,,,,,,,,,,,,,,,,,,,,,,,,,,,,,,,,,,,,,,,,,,,,,,,,,,,,,,,5260,5259,5258,5256,5255,5254,"•	транспорт.
•	виза.  ","•	Проживание
•	Завтраки
•	Интернет
•	парковка. ",7,Автобус,app,bb,2,84,Три,,Открытая дата,,,,,,,,
5261,6,2016-10-10 12:14:31,2016-10-10 09:14:31,"Готовимся к Новому году заранее! Подарите себе и своим близким отличный отдых на горнолыжном курорте, тем более, что есть отличный вариант бюджетного отпуска. Автобусный тур в гостевой дом «Планински здравец 3*» сэкономит ваши деньги, и, в то же время подарит массу приятных впечатлений. Этот уютный отель расположен в 10 минутах ходьбы от центра курорта и в 500 метрах от подъемника. За дополнительную плату вы получите возможность пользоваться сауной и услугами массажиста.

Отель предлагает бесплатный трансфер до подъемника, парковку и Wi-Fi. Во всех номерах есть балкон с видом на горы Пирин, индивидуальный сан.узел и телевизор с кабельным ТВ.",Тур на Новый год Планински Здравец,,publish,0,closed,,tur-na-novyj-god-planinski-zdravec,,,2016-10-10 12:14:31,2016-10-10 09:14:31,,0,http://bolgaria-travel.com/?post_type=hot_tour&#038;p=5261,0,hot_tour,,0,,,,,,,,,,,,,37,,,,,,,,,,,,,,0,0,0,0,0,,,,,,,,,,,,,,60,,,,,,,,,,,,,,,,,,,,,,,,,,,,,,,,,,,,,,,,,,,,,,,,,,,,,,,,,,,,,,,,,,,,,5267,5266,5265,5264,5263,5262,"•	виза. ","•	автобус
•	медицинская страховка
•	проживание
•	завтраки
•	Интернет
•	Парковка
•	трансфер до подъемника. ",7,Автобус,dbl,bb,2,182,Три,,28.12 – 06.01,,,,,,,,
5269,6,2016-10-10 12:26:36,2016-10-10 09:26:36,"Новый год – это время, когда исполняются все мечты и желания. Хочется ли вам провести прекрасное время в волшебной зимней сказке? Мы предлагаем вам отправиться на новогодние выходные в отличный болгарский курорт Банско, где расположен отель «Четырехлистный клевер 3*». Вас ждет 4 дня с All Inclusive, новогодним праздничным ужином, бесплатным Интернетом, внутренним бассейном и парковкой.

Во всех номерах отеля есть индивидуальная ванная комната, телевизор, спутниковое ТВ, Интернет.",Тур на Новый год Четырехлистный клевер 3*,,publish,0,closed,,tur-na-novyj-god-chety,,,2016-10-10 12:29:12,2016-10-10 09:29:12,,0,http://bolgaria-travel.com/?post_type=hot_tour&#038;p=5269,0,hot_tour,,0,,,,,,,,,,,,,19,,,,,,,,,,,,,,0,0,0,0,0,,,,,,,,,,,,,,60,,,,,,,,,,,,,,,,,,,,,,,,,,,,,,,,,,,,,,,,,,,,,,,,,,,,,,,,,,,,,,,,,,,,,5276,5275,5274,5273,5272,5271,•	виза.,"•	Авиаперелет
•	Проживание
•	питание All Inc.
•	мед. Страховка
•	трансфер до отеля
•	парковка, Интернет
•	внутренний бассейн
•	НГ ужин.",7,Авиа,dbl,all-inc,2,428,Три,,30.01 – 03.01,,,,,,,,
5278,7,2016-10-13 09:53:17,2016-10-13 06:53:17,"Программа тура:

<strong>1-ый день</strong> – Боровец – самый первый горнолыжный курорт Болгарии, известное место поведения чемпионатов мира по горнолыжным видам спорта. Мы посетим отели «Бреза 3*», «Мура 3*», виллы «Малина» и «Ягода».

<strong>2-ой день</strong> – Банско – самый популярный горнолыжный курорт Болгарии,  с самой большой общей протяженностью трасс – 70 км! В Банско мы продемонстрируем 10 отелей различного уровня – от самых бюджетных вариантов, до отелей класса люкс, посетим самый уютный ресторанчик города и совершим экскурсию в церковь Святой Троицы – один из старейших храмовых комплексов в стране.

<strong>3-ий день</strong> - Добриниште и Баня – небольшие населенные пункты, которые находятся в нескольких километрах от Банско и предоставляют своим посетителям возможность не только кататься на лыжах, но и оздоровляться в бассейнах с минеральной водой. Температура воды составляет от 30 до 43 градусов. Она помогает при заболеваниях опорно-двигательного аппарата, кожи, неврологических, гинекологических и других видов краткосрочных и долгосрочных проблем со здоровьем. Там мы побываем в четырех отелях: «Три планини 3*», терма-спа отеле «Римска Баня 3*», вилле «Валентино» и спа-отеле «Русковец», а также посмотрим на уникальный минеральный пляж села Добриниште.

Всего за 3 дня вы узнаете все о горнолыжной Болгарии, преимуществах курортов, собственными глазами увидите отели и предоставляемые в них услуги. Получайте максимум из минимальных временных и денежных затрат!",Рекламный тур,,publish,0,closed,,reklamnyj-tur,,,2016-10-13 09:54:32,2016-10-13 06:54:32,,0,http://bolgaria-travel.com/?post_type=hot_tour&#038;p=5278,0,hot_tour,,0,,,,,,,,,,,,,8,,,,,,,,,,,,,,0,0,0,0,0,,,,,,,,,,,,,,30,,,,,,,,,,,,,,,,,,,,,,,,,,,,,,,,,,,,,,,,,,,,,,,,,,,,,,,,,,,,,,,,,,,,,5290,5289,5288,5287,5286,5285,•	виза,"•	авиаперелет
•	проживание
•	питание (завтраки+ужины)",7,Авиа,app,hb,1,260,Три,,22.10.2016 - 25.10.2016,,,,,,,,
